Original Text,Replacement Text,Phonemes,Languages,Voice IDs,Active,Ignore Case,App Bundle IDs
HEY I’M RODA,Hey I’m RODA AI,,en-US,,FALSE,FALSE,
Seriki yakub,Ceriqi yakube,,en-GB,com.apple.ttsbundle.gryphon-neural_arthur_en-GB_premium,FALSE,TRUE,
Author ,Hoeludasileh!,,en-US,,FALSE,TRUE,
Yoruba language ,E!dey!! Yo!roobar,,en-US;en-GB,,FALSE,TRUE,
Лучший друг европейского фермера,The European farmer's best friend,Best friend to the European farmer,0.9598254605244118,,TRUE,FALSE,
"Jméno dostal díky své fibrózní struktuře, která mu dává sílu a ohebnost.",The name was given because of its fibrous structure that gives it strength and flexibility.,"They get their name from the word ""asbestiform"" - which describes the fibrous structure which endows them with strength and flexibility.",0.1094235746858033,,TRUE,FALSE,
Koira saatiin kannettua alas retkipatjan avulla.,Take a trip down the dog was on the mattress.,With the help of the camping mattress the dog was carried down.,0.1152667683508349,,TRUE,FALSE,
"Er sagt dies, natürlich, mit einer DONNERNDEN Stimme.","He says this, natural with a THUNDERING voice","He says this, of course, in a BOOMING voice.",0.6802536276882301,,TRUE,FALSE,
"Sivonen arvioi, että koko vuoden kävijämäärä tulee Serlachius-museoissa tänä vuonna lähentelemään sataatuhatta.","Sivonen, estimates that the whole of the year kävijämäärä lähentelemään Serlachius-museoissa, this year there will be 100,000.",Sivonen estimates that the total amount of visitors in the Serlachius Museums will be close to one hundred thousand this year.,-1.865108836162564,,TRUE,FALSE,
"Hymyile naapurillesi, arvosta kumppaniasi, kuuntele balladeja, käy musikaaleissa, käytä puhelintasi, keskustele, selitä, kuuntele, ole samaa mieltä, pyydä anteeksi.","To smile on our neighbours, values partners, in listening to balladi is musikaali, use the telephone, we are discussing, explain, to listen, not agree, are not apologising.","Smile at your neighbour, cherish your spouse, listen to ballads, go to musicals, use your telephone, converse, explain, listen, agree, apologise.",-1.865108836162564,,TRUE,FALSE,
Die Geschichte ist ein großartiger Lehrmeister.,History is a great instructor.,History is a great teacher.,1.524812319861807,,TRUE,FALSE,
"Современное коммерческое использование асбеста начинается в Италии, где он используется для изготовления бумаги (даже банкнот) и тканей.","Modern commercial use of asbestos Begins in Italy, where it is used to make paper (even Bills) and tissues.","Modern commercial asbestos use begins in Italy, where it is used to make paper (even bank notes) and cloth.",0.9598254605244118,,TRUE,FALSE,
Pro firmy ve Virginii a D.C. představuje daň z nemovitosti téměř polovinu státního a místního zdanění.,For companies in virginii and D.C. represents a real estate almost half of the state and local taxation .,Virginia and D.C. firms pay nearly half of their state and local tax bills in the form of property taxes.,-0.1701482581503784,,TRUE,FALSE,
Spek muistuttaa kodin paloturvallisuuden kertaamisesta.,Spek resembles a home fire safety stranding.,SPEK reminds about revising the fire safety at home.,-0.1701482581503784,,TRUE,FALSE,
"Norwegian Cruise se sídlem v Miami provozuje třináct výletních lodí na plavbách v Severní Americe, Středozemním moři a Baltském moři, Střední Americe a Karibiku.","Norwegian Cruise headquartered in Miami operates thirteen cruise ships on voyages in North America, the Mediterranean and the Baltic Sea, Central America and the Caribbean.","Miami-based Norwegian Cruise operates 13 cruise ships in routes spanning North America, the Mediterranean, the Baltic, Central America and the Caribbean.",1.245240487025625,,TRUE,FALSE,
Kokeeseen osallistui yksi urosgekko ja neljä naarasta.,The test was part of one of the male gekko and the four plans.,One male gecko and four female geckos participated in the experiment.,-0.1701482581503784,,TRUE,FALSE,
"Yleinen mielipide sai aikaan sen, mitä laeilla ja pannaan julistamisella ei ollut saavutettu: aivan kuten kirjallisuuden saralla ihmiset valitsivat luettavakseen sankareiden muistelmia, keittokirjoja ja romansseja, musiikin osalta he suosivat balladeja.","Public opinion led to what the law and to declare did not have been achieved: just as in the field of literature memoirs luettavakseen chose the heroes of the people, as regards the recipe book and romance, music they prefer balladi.","Popular taste did what edict and proscription could never have done, and just as, when it came to books, the people chose rags-to-riches memoirs, cookbooks and romances, so, when it came to music, they chose ballads.",-1.0088637566589236,,TRUE,FALSE,
Die Größe bleibt aber immer noch Weltrekord.,"The size remains, however, still world record.","That said, the size will still be a world record.",0.9598254605244118,,TRUE,FALSE,
Twitch má měsíčně 55 milionů návštěv a je čtvrtý na vrcholu internetového provozu.,Twitch has 55 million visits a month and is fourth on the top of Internet traffic.,Twitch has 55 million unique visitors monthly and is the fourth-largest source of peak internet traffic.,0.6802536276882301,,TRUE,FALSE,
Zpoždění letadla následně způsobilo zpoždění dalších letů včetně letu společnosti Emirates z Dubaje a letu společnosti Qantas ze Sydney.,A delay of aircraft subsequently the delay of other flights a flight of a company Emirates from Dubai and of the flight of the company Qantas from Sydney caused.,"That flight's delay caused the subsequent delay of a few other flights, including an Emirates flight from Dubai and a Qantas flight from Sydney.",-0.4380337036564968,,TRUE,FALSE,
Dennoch wuchs Henry als Kind ohne Liebesbezeugungen seiner Eltern auf.,Nevertheless Henry grew up as a child without Liebesbezeugungen of its parents.,"None the less, Henry emerged from a childhood stripped of parental affection.",-1.865108836162564,,TRUE,FALSE,
"Pokud se vám líbí, připravte si více než 40 000 Kč.","If you like, prepare to more than 40 000 Kč.","If you like it, prepare to pay more than CZK 40,000.",0.1094235746858033,,TRUE,FALSE,
Классическим примером O2O являются сервисы по продаже купонов вроде Groupon или Vigoda.ru.,A classic example is O2O services for the sale of coupons like Groupon or Vigoda.ru.,A classic example of O2O includes coupon retail services like Groupon or Vigoda.ru.,0.6802536276882301,,TRUE,FALSE,
"Исполнительный комитет по вопросам здравоохранения и промышленной безопасности в Великобритании требует, чтобы все подрядчики, работающие с асбестом, получали лицензию.","The executive committee on health and safety in the Uk requires that all contractors working with asbestos, received a license.",Health and Safety Executive in Britain requires all contractors working with asbestos to be licensed.,0.6802536276882301,,TRUE,FALSE,
"""Wir stehen kurz vor einem Punkt, an dem es kein Zurück mehr gibt,"" warnte Poroshenko.","'We are on the eve of the point of no return,' warned Poroshenko.","""We are close to the point of no return,"" Poroshenko warned.",1.245240487025625,,TRUE,FALSE,
"За этим последовала радиотерапия и химиотерапия - тритерапия, в которой Ланж-Лаздунски может похвастаться целыми 40 процентами выживших больных за пять лет.","This was followed by radiotherapy and chemotherapy - triple therapy, in which Lange-Lazdunski boasts a whole 40 percent of patients surviving for five years.",This was followed by radiotherapy and chemotherapy - a tri-therapy for which Lang-Lazdunski can boast five year survival rates as high as 40 per cent.,0.9598254605244118,,TRUE,FALSE,
"Обстановка в Лесото весьма напряженная с июня, когда Табане приостановил парламентские сессии в результате разногласий в своем объединенном правительстве.","The situation in Lesotho is very tense since June, when Thabane suspended parliamentary session as a result of the differences in a united government.",Tensions have been high in Lesotho since June when Thabane suspended parliament sessions due to feuding in his unity government.,0.6802536276882301,,TRUE,FALSE,
Suomen pelastusalan keskusjärjestön (Spek) mediaseurannan mukaan tähän mennessä paloissa on kuollut jo 55 ihmistä 49 eri palossa.,"Finland's rescue, according to the Trade Unions (Spek) mediaseurannan so far, the fires have already killed 55 people 49 different in the fire.","According to the media tracking of the Central Association of Finland’s Emergency Service Sector (SPEK), already 55 people have died in 49 different fires so far.",-1.0088637566589236,,TRUE,FALSE,
"Напомним, речь идет об особняке, который занимал фонд в центре города на улице Белинского, 19 на безвозмездной основе с 2011 года.","Remember, we are talking about the mansion, which has held the fund in the city centre on the street The 19 grants since 2011.","As a reminder, the issue at hand concerns the mansion at 19 Belinsky Street in the centre of the city, where the Foundation has been located on a free-of-charge basis since 2011.",-0.1701482581503784,,TRUE,FALSE,
Týká se to zejména článků o konfliktu Izraele a Hamásu v pásmu Gazy.,"This concerns of on the of especially Article conflict Israel and Hamas in a zone, Strip.","It has to do with, for example, articles about the conflict between Israel and Hamas in the Gaza Strip.",-1.865108836162564,,TRUE,FALSE,
"Minun piti kasvaa aikuiseksi julkisuuden valokeilassa, minun piti oppia tuottamaan vitsejä liukuhihnalta vuosina 1975–1985, samalla kun elin tähteyttä ja olin televisiossa. Se oli vaikeaa aikaa.","I had to grow up in the spotlight, I had to learn to produce a veritable jokes from 1975 to 1985, while the body of the star and I was on TV, and it was a difficult time.","Not only did I have to grow up in the public eye, I had to learn how to be an efficient joke-delivering mechanism between 1975 and 1985, whilst being a star, being on television and it was really difficult.",0.3948386011870167,,TRUE,FALSE,
"Lawson schaffte es jedoch ""die Dinge in einem etwas positiveren Licht erscheinen zu lassen.""","Lawsone managed ""to make ""appear"" it, however, ""the things in an a little more positive light.""","Lawson, however, ""managed to put a slightly better tint on things.""",0.1152667683508349,,TRUE,FALSE,
Festkapelle ist die Blaskapelle Berngau.,Fixed chapel is the brass band Berngau.,The festival band will be Berngau brass band.,-1.0263933376540186,,TRUE,FALSE,
Je to zábava.,It's fun.,It's good fun.,1.524812319861807,,TRUE,FALSE,
"Alles, was wir im Moment darüber wissen, ist diese Aussage von Emmet Shear, Präsident von Twitch: ""Wir haben uns für Amazon entschieden, weil sie an unsere Community glauben, sie teilen unsere Werte und langfristigen Visionen und sie wollen uns dabei helfen, schneller dorthin zu gelangen.""","All we know at the moment about it, is this statement by Emmet shear, President of twitch: ""We have for Amazon decided, because they believe in our community, they share our values and our long-term visions and they want to help us to get there faster.""","All we have at the moment is this statement from Twitch CEO Emmett Shear: ""We chose Amazon because they believe in our community, they share our values and long-term vision, and they want to help us get there faster.""",0.4006817948520483,,TRUE,FALSE,
Prorussische Separatisten schossen Flugzeug ab,Prorussische separatists shot down plane,Pro-Russian separatists shot down an aircraft,-1.865108836162564,,TRUE,FALSE,
Qadri äußerte sich ähnlich.,Qadri said similar.,Qadri made similar comments:,1.2393972933605937,,TRUE,FALSE,
"""Und dein Dickkopf ist genau der Grund, warum ich mich pervers zu dir hingezogen fühle,"" sagte sie ...","""And your thick head is precisely the reason why I am perverse feel attracted to you,"" she said.","""And your thick head's the very reason I'm perversely attracted to you,"" she said...",0.6802536276882301,,TRUE,FALSE,
Kaikki lapset eivät palaa kouluun Ukrainassa,All children do not return to school in Ukraine,Not all children back to school in Ukraine,0.6744104340231984,,TRUE,FALSE,
"Minulý víkend se hráč v Canning Vale stal jedním z pěti srpnových milionářů a jen o několik týdnů dříve pár v Belmontu vyhrál neuvěřitelných 7,5 milionu dolarů.","Last weekend, a player in Canning Vale had become one of the five August millionaires, and only a few weeks earlier in Belmont had won an incredible $7,5 million.","Last week a Canning Vale player became one of five August millionaire's, following a Belmont couple's massive $7.5 million win only a few weeks prior.",-0.4555632846515918,,TRUE,FALSE,
"О том, чтобы взять учебники напрокат, стоит подумать, если вы будете достаточно хорошо с ними обращаться, не забудете вернуть их и не захотите оставить их себе после того, как завершится курс.","About to take textbooks, look, if you will be well enough contact with them, don't forget to return them and don't want to leave them to themselves after the course is completed.","Renting your textbooks is worth considering if you take reasonable care of them, you remember to return them and you do not care to own them after you complete the class.",0.1152667683508349,,TRUE,FALSE,
Seuraavan kerran päätöksentekoa voi seurata suorana 13.10.2014.,"For the next time, it will be possible to follow the decision on 13 and 13 2014.",Next time the decision making can be watched live on October 13th 2014.,-1.0088637566589236,,TRUE,FALSE,
"Työntekijät, jotka eivät ilmoittautuneet rekisteriin seuraavan kahden viikon aikana, eivät saisi enää palkkaa, hallituksen tiedotteessa ilmoitettiin.","Employees who are not enrolled in the register during the next two weeks, receive no salary, the government release announced.","Employees who failed to register over the next two weeks would no longer be paid, a government statement said.",0.9598254605244118,,TRUE,FALSE,
"Někteří experti nyní rozlišují čtyři různé zdroje jen pro Pentateuch, tj. pět Knih ""Mojžíšových"" a Mojžíšovi nepřipisují autorství žádné z nich, protože téměř jistě neexistoval tak, jak je v Bibli popisován.","Some experts now distinguish four different sources only for Pentateuch , i.e. five books ' mojžíšových ' and mojžíšovi nepřipisují authorship any of them , because almost certainly did not exist , as it is in bibli described .","Some experts now recognize four different sources just for the Pentateuch, the five books of ""Moses"", and they don't credit Moses as the author of any of them as he evidently never existed as described.",-1.865108836162564,,TRUE,FALSE,
"Daňové zatížení - státní i místní - se minulý rok zvedlo o 4,3 % na 671 miliard dolarů v porovnání s 3,9 % minulý rok a jednalo se o třetí růstový rok za sebou po letech 2009 a 2010, kdy se daně snižovaly.","The tax burden - national and local - the last year rose by 4.3% to $671 billion compared with 3.9% last year, and it was the third consecutive year of growth for the years 2009 and 2010, when the tax was reduced.","Businesses"" state and local tax burdens last year expanded by 4.3 percent, to $671 billion, compared with 3.9 percent the year before, and it was the third consecutive year of growth after back-to-back years of shrinking bills in 2009 and 2010.",-0.17599145181541,,TRUE,FALSE,
В качестве пилотной выбрана сфера дорожного строительства.,Chosen as the pilot area of road construction.,The road construction industry has been chosen to pilot the project.,-0.4438768973215285,,TRUE,FALSE,
"A po něm bude následovat autogramiáda, na které Rosický ani Čech nebudou chybět.",And it will be followed by an autograph session at which neither Czech Rosicky will miss.,"It will be followed by autograph signing, at which neither Rosický nor Čech will be missing.",0.1152667683508349,,TRUE,FALSE,
"Einfach ausprobieren: Laura, Lena, Lisa, Marie, Bettina, Emma und Leiterin Lisa Neitzel (von links) freuen sich auf Mitstreiter.","Simply try out: Laura, Lena, Lisa, Marie, Bettina, Emma and Director Lisa Neitzel (from left) look forward to colleagues.","Just try it: Laura, Lena, Lisa, Marie, Bettina, Emma and manager Lisa Neitzel (from left to right) are looking forward to new members.",0.1152667683508349,,TRUE,FALSE,
"Те, кто выжил, говорят, что если б они знали, какова на самом деле ситуация на юго-востоке Украины, воевать не пошли бы.","Those who survived, say that if they knew what is actually the situation in the south-east of Ukraine, would not go to war.",They say that those who survived wouldn’t have gone to fight if they had known about the actual situation in the southeast of Ukraine.,0.9656686541894436,,TRUE,FALSE,
"""Das Foto wurde jedoch irrtümlich veröffentlicht und wurde inzwischen entfernt"" sagte eine Sprecherin des Unternehmens.","""The photo was mistakenly released, however, and was now removed,"" said a spokeswoman for the company.","""However, the photo was put up in error and has since been removed,"" a spokeswoman for the company said.",0.9656686541894436,,TRUE,FALSE,
"Es meldete Einnahmen für 2013 von 1,2 Milliarden $, ein Anstieg von 6 Prozent im Vergleich zum Vorjahr.","It reported revenue for 2013 of 1.2 billions $, a climb of 6 percent in comparison with the preceding year.","It posted revenues of $1.2 billion in 2013, up 6 percent from the year earlier.",0.9656686541894436,,TRUE,FALSE,
"Aber zu was dient die Vergangenheit, wenn wir nicht daraus lernen -","But what is the past, if we do not learn from it -",But what is the past for if not to learn from it -,1.524812319861807,,TRUE,FALSE,
"Čas plyne na východě zřejmě jinak, než na západě.",Time passes on the East differently than in the West.,Time apparently passes differently in the East than in the West.,0.6802536276882301,,TRUE,FALSE,
"Британка сообщила, что она провела много лет, думая, что умрет, после неправильно поставленного диагноза.","Reported that she spent many years thinking that dies, after incorrectly delivered the diagnosis.",A British woman says she spent many years thinking she was going to die after a misdiagnosis.,0.1094235746858033,,TRUE,FALSE,
"Рекламные ролики, документальные фильмы, телесериалы и роли в кино заняли следующие десять лет его жизни, но после его сериала на BBC в 2008 году ""LennyHenry.tv"", он подумал: ""Что ты собираешься делать дальше, Лен, потому что немножко кажется, что ты тянешь время или потихоньку сворачиваешь в сторону"".","Commercials, documentaries, TV shows and roles in movies took the next ten years of his life, but after his show on BBC in 2008 lennyhenry.tv "","" he thought, ""What are you going to do next, flax, because some think you time or quietly to the side.""","Advertisements, documentaries, TV series and parts in films consumed his next decade but after his 2008 BBC series, LennyHenry.tv, he thought: ""What are you going to do next, Len, because it all feels a bit like you're marking time or you're slightly going sideways.""",0.1152667683508349,,TRUE,FALSE,
"Pouze ve Virginii bylo zvýšení zdanění pod průměrem, na 4,1 %.","Only in Virginia, an increase in taxation was below average at 4.1%.",Only Virginia posted a below-average tax bill bump of 4.1 percent.,0.9656686541894436,,TRUE,FALSE,
"Francois Hollande on kenties lähtenyt soitellen sotaan, mutta niin myös Manuel Valls, jonka velvollisuutena oli muodostaa uusi hallitus sen jälkeen, kun edellinen ei kestänyt edes kesän ajan.","Francois Holland de may have left the call to war, but also to Manuel Vals, whose duty it was to form a new government after the previous not taken even over the summer.","Francois Hollande the Emperor has no clothes, but neither has Prince Manuel Valls, forced to put together a new government when the previous one didn't even survive the summer.",0.1152667683508349,,TRUE,FALSE,
"Ti, kdo odbory napadají, tyto jednoduché pravdy zapomínají, historie si je ale pamatuje.","Those who attack labor forget these simple truths, but history remembers them.","Those who attack labor forget these simple truths, but history remembers them.",1.524812319861807,,TRUE,FALSE,
"Stellen Sie Ihre Kamera auch auf die Fotos oder Videos ein, die Sie aufnehmen wollen.","Put your camera on the photos or videos, which you want to capture.","Also, set your camera to match the type of photos or video you'll be shooting.",0.1152667683508349,,TRUE,FALSE,
С остроумием точно так же.,With wit in the same way.,"Wit, the same.",0.6744104340231984,,TRUE,FALSE,
Järjestön korkeakouluosion varapuheenjohtaja Megan Dunnin mukaan ”tämä palvelusuunnitelma vaikuttaa olevan todella kaukana opiskelijaenemmistön elämästä”.,"The organisation's part of the high school vice-president, according to Dunn's """" This service plan appears to be a long way from a life of the majority of the student. ""","Megan Dunn, NUS vice president for higher education, said: ""This scheme seems incredibly out of touch with the lives of the majority of students.",0.1152667683508349,,TRUE,FALSE,
"""Мне так жаль всех тех, кто страдает от этих ужасов"", сказал Дамир, который на прошлом неделе занимался волонтерской работой в женском монастыре.","""I'm so sorry for all those who suffer from these horrors,"" said Damir, who last week doing volunteer work in the convent.","'I feel so sorry for all those who suffer from these horrors,' said Damir, who was last week doing voluntary work at a nunnery.",0.9598254605244118,,TRUE,FALSE,
ja tylsää.,and boring.,And it's tedious.,0.3948386011870167,,TRUE,FALSE,
Žáci si Bunsenův kahan stavěli na azbestové podložky,They have bunsenův kahan built on azbestové Częste,Pupils perched their Bunsen burners on asbestos mats,-1.865108836162564,,TRUE,FALSE,
Alue on ollut kunnan omistuksessa runsaat kymmenen vuotta.,The area has been owned by the municipality of more than 10 years.,The municipality has owned the area for good ten years.,1.245240487025625,,TRUE,FALSE,
"Mehr als 40 000 Sicherheitskräfte sind im Einsatz, um das Regierungsviertel zu schützen.",More than 40 thousand security forces are deployed to protect the government district.,"More than 40,000 members of the security forces have been deployed to protect the government district.",0.9598254605244118,,TRUE,FALSE,
Всего двумя неделями раньше он катался на лыжах во Французских Альпах.,"Just two weeks earlier, he went skiing in the French Alps.",Just two weeks earlier he had been skiing in the French Alps.,1.524812319861807,,TRUE,FALSE,
"Henryllä on Billie-tytär Dawn Frenchin kanssa, ja oman lapsensa kautta hän on pystynyt jakamaan sen rakkauden, joka häneltä itseltään puuttui lapsena.","Henry has billie - with frenchin daughter dawn, and through their own child, he has been able to share its love, which itself was him as children.","Having a daughter of his own, Billie, with Dawn French, enabled him to share the love he missed as a child.",-1.865108836162564,,TRUE,FALSE,
"Развитие российского рынка электромобилей помимо дороговизны машин (те электромобили, что продаются в России, в среднем вдвое дороже аналогов с двигателями внутреннего сгорания) сдерживает неразвитость зарядной инфраструктуры (заправок - единицы), вздыхает гендиректор ""Автостата"" Сергей Целиков.","The development of the Russian market of electric vehicles in addition to the cost of cars (those electric cars that are sold in Russia, on average, twice as expensive as similar models with internal combustion engines) inhibits underdeveloped charging infrastructure (filling stations - units), says the General Director of ""Avtostat"" Sergey Tselikov.","Development of the Russian market of electric vehicles, in addition to the high cost of the cars (the electric vehicles that are sold in Russia are, on average, twice as expensive as their counterparts with internal combustion engines), is being constrained by the underdevelopment of charging infrastructure (charging stations are few and far between), sighs General Director of Avtostat, Sergei Tselikov.",0.1152667683508349,,TRUE,FALSE,
"""В феминизме, я не думаю, что есть много людей, которые говорят о белом цвете коже и привилегиях на таком высоком уровне"", сказала она.","""In feminism, I don't think that there are a lot of people who talk about white skin and privileges at such a high level,"" she said.","""In feminism, I don't think you get a lot of people talking about whiteness and privilege in such a high level way,"" she said.",1.245240487025625,,TRUE,FALSE,
"Hamptions International, eine andere Immobilienagentur, korrigierte seine Voraussage für den Anstieg der Immobilienpreise in London für 2015 nach unten auf 3 Prozent, auf der Grundlage eines bereits jetzt schwächelnden Hauspreisbewußtseins.","Hamptions International, another real estate agency, revised its forecast for the rise in house prices in London for 2015 down to 3 percent, on the basis of an already faltering Hauspreisbewußtseins.","Hamptons International, another estate agent, has cut its 2015 forecast for London property price growth to 3 per cent on the basis that house price sentiment is already starting to weaken.",-1.0088637566589236,,TRUE,FALSE,
Нелли Кершоу умирает в Рочдейле.,Nelly Kershaw dies in Rochdale.,Nellie Kershaw dies in Rochdale.,1.524812319861807,,TRUE,FALSE,
"A je teprve den prvý, teď jako před lety.","And it's only the first day, now as a few years ago.","And it's only the first day, now just like years ago.",0.6802536276882301,,TRUE,FALSE,
Tutustu sekä tavallisiin että vedenpitäviin malleihin osto-oppaassamme ja digikameroiden arvosteluissa.,Out both ordinary and vedenpitäviin model in buying oppaassamme and digikameroiden criticism.,Check out our buying guide and Ratings for digital cameras for both conventional and waterproof models.,-1.865108836162564,,TRUE,FALSE,
"Ystävyydenpuiston alue ja lähiympäristö on kaupungin mukaan kelkoille myös riittävän laaja, parempi kuin korvaaviksi lähtöpaikoiksi esitetyt paikat kuten esimerkiksi Ounasjoen siltojen itäpuoleinen venelaiturin vierus.","Friendship Park area of the city and the surrounding environment is also kelko according to a sufficiently broad, rather than a substitute for starting places for the locations such as eastern Ounasjoe on the bridges of the boat quay vierus.","According to the city, the Friendship Park area and the environment adjacent to it is sufficiently large for the snowmobiles, better than the places that had been suggested as replacing starting points, such as the side of the boat quay on the eastern side of Ounasjoki bridges.",-1.0088637566589236,,TRUE,FALSE,
"Joe Gault, 29, který brzy nastoupí na Pepperdine Law School, doporučuje řídit se podle ISBN, protože to zaručuje, že kupujete správnou knihu.","Joe Gault, 29 that soon Law School will come on Pepperdine, he recommends to follow according to ISBN because it ensures that you buy the right book.","Joe Gault, 29, who is about to enter Pepperdine Law School, recommends using the ISBN number to price books since it ensures you are shopping for the right text.",0.1094235746858033,,TRUE,FALSE,
Koulutusministeriön mukaan reilu kymmenen perhettä ei ollut vielä palannut takaisin.,According to the Ministry of Education Fair 10 families had not yet been returned.,The Education Ministry said about a dozen families still had not returned.,0.1152667683508349,,TRUE,FALSE,
Yritä päästä lähelle kuvattavaa kohdetta.,Trying to get close to the site kuvattavaa.,Get close to your subjects.,-1.0088637566589236,,TRUE,FALSE,
"Die Entscheidung folgt einem Sommer, in dem einige der größten und publikumswirksamsten Proteste in Hongkong seit etlichen Jahren stattfanden.",The decision follows a summer in which some of the largest and most violent protests in Hong Kong have been taking place for a number of years.,The ruling comes after a summer that has featured some of the largest and most high-profile protests in Hong Kong in years.,0.6802536276882301,,TRUE,FALSE,
"Pokud vám nevadí poznámky jiných lidí nebo opotřebení a poničení, vhodnou možností jsou použité učební texty.","If you don't mind other people's remarks or wear appropriate and destruction, the possibility of teaching texts are used.","If you do not mind other people's notes or wear and tear, used texts are a good option.",-0.7234487301577102,,TRUE,FALSE,
"Действительно, личность была незаурядная: хозяин Кагинского и Узянского заводов строил дома, отливал пушки и колокола, держал уральские рудники.","Indeed, the personality was fantastic: The owner of Kagin and new plants built houses, tidal guns and bells, kept Ural mines.","Indeed, this character had a lot going for him: the owner of the Kaginsky and Uzyansk factories built homes, cast canons and bells, and kept the Ural mines.",-0.1701482581503784,,TRUE,FALSE,
"Nachdem der Winter letzte Woche für eine frühe Dosis Frühling gesorgt hatte, fielen die Temperaturen in der Stadt am Montag wieder auf einen Höchstwert von nur 15,8°C.","After last week's winter had ensured an early dose of spring, temperatures in the city fell again on Monday to a maximum of just 15.8 ° C.","After winter delivered an early dose of spring last week, temperatures dropped again on Monday to a high of just 15.8C in the city.",0.6802536276882301,,TRUE,FALSE,
"Šéf skotských nacionalistů Alex Salmond tohle dobře ví, a proto se v televizní diskusi opakovaně dotazoval svého soupeře, unionistického Darlinga, zda je ochoten respektovat ""suverénní vůli skotského lidu"", pokud by skotští voliči hlasovali pro nezávislost, a začít podporovat jednotnou měnu pro Skotsko i pro Anglii.","The boss of the Scottish Nationalists Alex Salmond knows this, and therefore in a television debate has repeatedly questioned his opponent, Unioner Darling, whether it is willing to respect the ""sovereign will of the Scottish people"" if Scottish voters voted for independence, and start to promote the single currency for Scotland and for England.","The Scottish nationalists' leader, Alex Salmond, knows this very well, and therefore in the television discussion he repeatedly asked his rival, unionist Darling, whether he would be willing to respect ""the sovereign will of the Scottish people,"" if Scottish voters chose independence, and whether he would begin supporting a single currency for Scotland as well as for England.",0.6802536276882301,,TRUE,FALSE,
"Я старше сейчас, и говорят, что дети легко справляются с плохими событиями, - я должен сказать, что это неправда.",,I am older now and people use to say children easily cope with bad experience - I must say this is not true.,0.6802536276882301,,TRUE,FALSE,
"Zaprvé, vesmír má tři velké, daleko se rozléhající prostorové rozměry (z nichž jsme nakreslili jen dva), kdežto hadice má velký rozměr jen jeden.","Firstly, the universe has three large, distant echoes of spatial dimensions (of which we have drawn only two), while the hose has a large dimension only one.","First, the universe has three large spatial dimensions far sprawling from each other (of which we have drawn only two), and only hose has a large dimension.",0.6802536276882301,,TRUE,FALSE,
"Jazz wurde, auch wenn er nicht direkt verboten war, nicht gespielt.","Jazz was not played, even if it were not directly forbidden.","Jazz, too, without exactly being proscribed, wasn't played.",0.6802536276882301,,TRUE,FALSE,
"Liikevoittoprosentiksi tuli 7,1.",Liikevoittoprosentti became 7.1.,The profit margin was 7.1.,-1.865108836162564,,TRUE,FALSE,
"Некоторые критикуют движение Occupy Central, говоря, что его демонстрации подвергают риску бизнес - источник жизненной силы Гонконга.","Some criticize the movement Occupy Central, saying his demonstration put at risk business - the lifeblood of Hong Kong.","Some have criticized the Occupy Central movement, saying its demonstrations put business - the lifeblood of Hong Kong - at risk.",0.9656686541894436,,TRUE,FALSE,
"Им занимался Майкл МакКрум, специальный прокурор из Сан-Антонио, который был назначен судьей-республиканцем.","Did Michael Mccrum, the special Prosecutor from San Antonio, who was appointed by the judge-a Republican.","It was handled by Michael McCrum, a San Antonio-based special prosecutor who was assigned by a Republican judge.",0.1152667683508349,,TRUE,FALSE,
"Britti Isabelle Roberts karjui niin kovaa, kun hänen päälleen kaadettiin jääkylmää vettä, että hänen vahingoitti kasvojensa luustoa.","British Isabelle Roberts was roaring so loud, when the ice cold water poured over him that his damaged the facial bones.",Isabelle Roberts from in the UK shouted so hard while freezing water was poured over her head that she damaged the bone structure of her face.,0.1152667683508349,,TRUE,FALSE,
В феврале 2013 года действие лицензии авиакомпании было приостановлено.,"In February 2013, the action of the airline's license was suspended.","In February 2013, the airline company’s license was suspended.",0.6802536276882301,,TRUE,FALSE,
A Jaceňuk?,And Yatsenyuk?,And Yatsenyuk?,1.524812319861807,,TRUE,FALSE,
"Na stroji Boeing Stearman PT-17 se představila letecká akrobatka Peggy Walentinová, která za letu vylezla z kokpitu ke hrazdě na horním křídle dvouplošníku a také mezi křídla.","Na machine Boeing PT-17 PT-17 se presented air Walentinová Walentinová Walentinová, který za flight out z cockpit k trapeze na upper wing Camel a také mezi wings.","Aviation acrobat Peggy Walentin has performed on a Boeing Stearman PT-17, and during the flight she climbed out of the cockpit and made her way to the rack on the top wing of the biplane as well as between the wings.",-1.865108836162564,,TRUE,FALSE,
"Также Максим Ликсутов заявил, что введение платных парковок существенно разгрузило столичные улицы.",Also Maxim Liksutov said that the introduction of paid parking to unload the streets of the capital.,Maksim Liksutov also stated that the introduction of pay parking significantly decreased congestion on the streets of the capital.,0.1094235746858033,,TRUE,FALSE,
"Да, они не такие жирные, как норвежский лосось, потому что это дикая рыба.","Yes, they are not as fatty as Norwegian salmon, because it is a wild fish.","Sure, they’re not as fatty as Norwegian salmon, because they are wild fish.",1.245240487025625,,TRUE,FALSE,
"Получается, 65-70% приходится все-таки на российскую продукцию"", - рассуждает Касьянова.","It turns out, 65-70% is still on Russian products, ""says Kasyanov.","This means that 65-70% still comes from Russian output”, Kasyanova reasons.",0.4006817948520483,,TRUE,FALSE,
Může jich být ovšem i mnohem víc.,Of them he can be however and much more.,"But of course, there could be many more.",-0.4497200909865601,,TRUE,FALSE,
"A stejně jako neexistuje žádná vina, která by se dala na někoho svést, neexistují ani věci, které by se měly napravit, ani kdyby náprava byla vhodná a možná.","As there is no fault , which would be to bring , nor are there things that should be corrected , even if the remedy is suitable and perhaps .","And just as there is no blame to be apportioned, so there are no amends to be made, were amends appropriate and were there any way of making them.",-1.865108836162564,,TRUE,FALSE,
"Рестораны фастфуда, которые ответили на запрос ""Денег"", тоже довольно спокойно реагируют на санкции.","The fast food restaurants that responded to the inquiry of ""Money"", is also quite easy to respond to sanctions.",The fast food restaurants that responded to Kommersant-Dengi’s survey were also fairly calm about the situation.,-0.1701482581503784,,TRUE,FALSE,
Он посмотрел на них еще раз.,He looked at them again.,He looked again.,0.6802536276882301,,TRUE,FALSE,
"""Nach dem Tod meines Freundes Richard Dimbath haben wir die Vereinsaktivitäten aus Respekt zunächst ruhen lassen"". Diese ""Denkphase"" sei nötig gewesen, um ""zu überlegen, wie es weitergehen könnte"".","""After death of my friend Richard Dimbath we have rest let"" the society activities out of respect first of all. This phase"" ""think had been necessary go on could"" in order ""to consider, how it.","""After the death of my friend, Richard Dimbath, we adjourned the club's activities initially out of respect"". This ""period of thought"" has been necessary to ""think about how it can proceed"".",-1.865108836162564,,TRUE,FALSE,
"Bottaksen tontille varmistus - lähes 1,5 hehtaaria järven rannalta",Property Bottaksen confirmation - nearly 1.5 acres on the shore of the lake,Bottas’s lot confirmed – nearly 1.5 hectares at a lake front,0.1152667683508349,,TRUE,FALSE,
"Первые из 63 украинских солдат, которые, по имеющимся сведениям, удерживаются в Иловайске в результате российского вторжения, были обменяны в воскресенье на 10 российских авиадесантников, захваченных на украинской территории неделю назад, сообщил Лысенко в воскресенье.","The first of 63 Ukrainian soldiers who, reportedly held in Ilovaysk as a result of the Russian invasion, were exchanged on Sunday 10 Russian aviadistino captured on Ukrainian territory a week ago, Lysenko reported on Sunday.","The first of a reported 63 Ukrainian soldiers who were trapped in Ilovaysk by the Russian incursion were swapped Sunday for 10 Russian paratroopers captured inside Ukrainian territory a week ago, Lysenko said Sunday.",-0.7234487301577102,,TRUE,FALSE,
"И еще неизвестно, что будет проще - победить мошенников или убедить водителей в надежности ""европротокола"".","And it is not yet clear what will be easier - to win fraudsters or convince drivers in the reliability of the ""evroprotocola.""",It’s still not clear what will be easier: defeating the fraudsters or convincing drivers of the reliability of the “europrotocol”.,-0.7234487301577102,,TRUE,FALSE,
"Bei der Demonstration sagten die Organisatoren, dass ihre Bewegung eine neue Stufe zivilen Ungehorsams erreicht habe und sie in den kommenden Wochen Protestwellen planten.","In the demonstration, the organizers said that their movement had reached a new stage of civil disobedience and planned them in the coming weeks.","At the demonstration, organizers said that their movement was entering a new stage of civil disobedience and that they would mount waves of protests in the coming weeks.",0.3948386011870167,,TRUE,FALSE,
"Die Waffenruhe sorgte für ein sofortiges Ende der Kämpfe; wichtige Probleme bleiben jedoch ungelöst, wie die Forderung der Hamas nach einer Aufhebung der israelisch-ägyptischen Blockade von Gaza und der Wiedereröffnung der Luft- und Seehäfen in Gaza.","The cease-fire caused an immediate end to the fighting; important issues remain unresolved, such as Hamas's demand for a lifting of the Israeli-Egyptian blockade of Gaza and the reopening of air and sea ports in Gaza.","The cease-fire brought an immediate end to the fighting but left key issues unresolved, such as Hamas' demand for the lifting of an Israel-Egyptian blockade of Gaza and the reopening of Gaza's air and seaports.",1.245240487025625,,TRUE,FALSE,
"V červnu firma ohlásila, že od začátku roku do konce dubna prodala 3 742 nemovitostí, téměř o třetinu víc než před vrcholem krize v roce 2007.","In June, the company announced that since the beginning of the year to the end of April 3 742 sold real estate, almost a third more than before the crisis in 2007.","In June the company reported it had sold 3,742 new homes in the year to the end of April - almost a third more than the pre-crisis peak in 2007.",0.9656686541894436,,TRUE,FALSE,
"Jazziakaan ei ollut varsinaisesti julistettu kielletyksi, sitä ei vain soitettu.","The banned Jazziakaan had not actually been declared, it has just been played.","Jazz, too, without exactly being proscribed, wasn't played.",-1.294278783160137,,TRUE,FALSE,
Karrathská policie obvinila dvacetiletého mladíka z neuposlechnutí výzvy k zastavení a neopatrného řízení.,Karrathská police accused twenty young man from disobeying the call to halt and imprudent driving.,Karratha Police have charged a 20-year-old man with failing to stop and reckless driving.,-0.1701482581503784,,TRUE,FALSE,
Die globale Asbestproduktion steigt auf mehr als 30.000 Tonnen jährlich an.,"The global asbestos production rises to more than 30,000 tonnes per year.","Global asbestos production rises to more than 30,000 tons annually.",1.524812319861807,,TRUE,FALSE,
"Es ist schwer, das zu akzeptieren, wenn einem etwas so Unfaires zustößt.","It's hard to accept that, if a bit so happens Unfair.",It is hard to accept it when something so terribly unfair happens to you.,0.1152667683508349,,TRUE,FALSE,
A.cz: A kolik se vám už podařilo zachránit ukrajinských zajatců?,A.cz : and how much you have managed to save the Ukrainian prisoners ?,A.cz: And how many Ukrainian prisoners of war have you already managed to rescue?,0.6802536276882301,,TRUE,FALSE,
"Zu den Filmwerken Palmers gehören ""Liebe ist unbesiegbar"" mit Liam Hemsworth.","Among the films include Palmers ""love is invincible"" with Liam Hemsworth.","Palmer's film credits include Love And Honor, opposite Liam Hemsworth.",-0.1701482581503784,,TRUE,FALSE,
"Trotz der Verbesserung der telemedizinischen Dienste, um den Entfernungen etwas entgegenzusetzen, schlug sie als mögliche Abhilfe eine Verstärkung des Service von eingeflogenen Ärzten vor, um Spezialisten die Möglichkeit zu geben, Frauen dichter an deren Wohnort zu versorgen, sowie Behandlungsprogramme für Menschen außerhalb ihrer Region.","Despite the improvement of telemedicine services, to oppose the distances something she suggested as a possible remedy a gain of service flown in doctors before to give specialists the opportunity to provide women closer to their home, as well as treatment programs for people living outside their region.","Despite improving tele-medicine services to lessen the tyranny of distance, she suggested more fly-in, fly-out services to allow specialists to treat women closer to home and programs to support people in treatment away from their communities could help.",0.1152667683508349,,TRUE,FALSE,
"Allerdings kann ich die Jahre, in denen ich noch Handball spielen kann, an einer Hand abzählen.","However, I can see the years in which I can still play handball, on the fingers of one hand.","""But I can count the years I will continue to play handball with one hand.",0.6802536276882301,,TRUE,FALSE,
Oli vaikeaa kommunikoida heistä suurimman osan kanssa.,It was difficult to communicate with the majority of them.,It was hard to communicate with most of them.,1.524812319861807,,TRUE,FALSE,
Rakastan vilpittömästi tätä työtä.,I sincerely love this job.,I'm really loving it.,-0.1701482581503784,,TRUE,FALSE,
"В пятницу на турнире разыгрывались сразу три комплекта наград, но россияне по традиции ограничились одной бронзой в мужском турнире до 90 кг.","On Friday at the tournament racted just three sets of awards, but Russians traditionally limited to one bronze in the men's tournament to 90 kg.","On Friday, three groups of medals were up for grabs at the tournament, but the Russians, as per tradition, were limited to just one bronze in the men’s 90kg class tournament.",-0.1701482581503784,,TRUE,FALSE,
"Auf israelischer Seite wurden 66 Soldaten und sechs Zivilisten, darunter ein thailändischer Arbeiter, getötet.","On the Israeli side, 66 soldiers and six civilians, including a Thai worker killed.","On the Israeli side, 66 soldiers and six civilians, including a Thai worker, were killed.",0.9656686541894436,,TRUE,FALSE,
"Když věřící debatují o jedné z mnoha věcí, které jsou v rozporu s jejich náboženstvím, často nás postaví před otázku: Komu budete věřit?","When believers debate about one of the many things that are in conflict with their religion, often put before us the question: Who will you believe?","When believers argue over any of the many things which contradict their religion, they often challenge us to decide whom we are going to believe.",0.9656686541894436,,TRUE,FALSE,
Syyttäjien mukaan Stewart ajoi Audi Q3 -autollaan varomattomasti ja aiheutti tytölle vammoja.,"According to prosecutors, Stewart drove the Audi Q3 -autollaan negligent and caused injuries to the girl.",Prosecutors said Mr Stewart drove his Audi Q3 without due care and attention and knocked the girl down to her injury.,-0.7234487301577102,,TRUE,FALSE,
"""Er war sehr positiv,"" sagt Abbott.","“It was very positive,” says Abbott.","""He was very positive,"" says Abbott.",0.3948386011870167,,TRUE,FALSE,
Takže nějak realizovatelné by to jistě bylo.,"So any feasible , this would certainly be .",So it could be somewhat achievable.,-0.4555632846515918,,TRUE,FALSE,
"Нынешняя администрация решила по-другому"", - заявлял он.","Current administration solved differently”, it declared.","The current administration decided differently”, he stated.",0.3948386011870167,,TRUE,FALSE,
"Вы правы, места много!","You are right, places are much!","You’re right, there’s lots of space!",-0.1701482581503784,,TRUE,FALSE,
Mutta Salin siirsi kaiken kunnian susifaneille - ja teki sen tyylillä:,But Sali transferred all the credit for the wolf fans - and did it style:,But Salin gave all the credit to the wolf fans – and did it with style:,0.4006817948520483,,TRUE,FALSE,
"Olemme hyvin pahoillamme ilmoittaessamme, että tänään viimeinen mahdollisuus vuoropuheluun on kariutunut ja keskustan valtaaminen tulee tapahtumaan.","We very much regret to announce that today, the last chance dialogue has foundered and the centre of the market will happen.",We are very sorry to say that today all chances of dialogue have been exhausted and the occupation of Central will definitely happen.,-0.1701482581503784,,TRUE,FALSE,
"Kreacionističtí křesťané si myslí, že pokud se Bible mýlí, pak bůh lže.","Creationist Christians think that if the Bible is wrong, then God is lying.","Creationist Christians think that if the Bible is wrong, then God lied.",1.524812319861807,,TRUE,FALSE,
I jako závodní letoun.,Even as racing plane .,And also as a racing plane.,0.3948386011870167,,TRUE,FALSE,
На третьем собрании планируется подвести итоги работы Экспертной сессии за год и сформировать итоговый перечень показателей для оценки результативности научных организаций.,At the third meeting is planned to finalise work chairs a session for the year and a final list of indicators to measure the effectiveness of scientific organizations.,"At the third meeting, it is planned that the results of the work conducted by the Expert Session over the past year will be presented and that a final checklist to evaluate the effectiveness of scientific organizations will be developed.",-0.1701482581503784,,TRUE,FALSE,
"To Darlinga donutilo, aby volil mezi skotskou občanskou společností a londýnskými finančníky, a s grimasou padl do této pasti.","That Darling forced to choose between the Scottish civil society and the London financiers, and with a grimace fell into this trap.","This forced Darling to choose between Scottish civil society and London bankers, and this situation made him grimace.",0.1152667683508349,,TRUE,FALSE,
"Eine Britin sagt, sie dachte als Folge einer Fehldiagnose über viele Jahre, dass sie sterben würde.","A Briton says, it thought as consequence of a wrong diagnosis about many years that it would die.",A British woman says she spent many years thinking she was going to die after a misdiagnosis.,0.1152667683508349,,TRUE,FALSE,
Ranskan hallitseva puolue kärsi murskatappion maaliskuun kuntavaaleissa ja äärioikeisto piti hallussaan listakärkeä toukokuun EU-vaaleissa.,The French governing Party had suffered crushing defeat in the kuntavaali of March and the extreme right listakärki possession of the European elections in May.,France's ruling party suffered a drubbing in March municipal elections and the far-right National Front came out on top in EU elections in May.,-1.865108836162564,,TRUE,FALSE,
"Soudce dočasně zablokoval zákon, který mohl zavřít všechny potratové kliniky v Louisianě",A judge temporarily blocked a law that could close the all potratový kliniks in Louisiana.,Judge temporarily blocks law that could close all Louisiana abortion clinics,-1.865108836162564,,TRUE,FALSE,
"Опять же, никаких законов или давления.","Again, there are no laws or pressure.","Again, no laws or duress.",0.6744104340231984,,TRUE,FALSE,
"Совет был дан во время посещения предприятия ""Югптицепром"" фирмы ""Агрокомплекс"".",Advice was given during visit of the Yugptitseprom factory of Agrokompleks firm.,The advice was given during a visit to the Yugptitseprom factory owned by the Agrokompleks company.,0.9598254605244118,,TRUE,FALSE,
Die Unternehmen versuchen sich für diese neuen Kunden als die beste Wahl bei den Kreuzfahrtanbietern zu positionieren.,"For these new customers as the best choice for the cruise providers, businesses seek to position.",Companies are racing to position themselves as the cruise operators of choice for these new customers.,0.4006817948520483,,TRUE,FALSE,
Ich fiel ständig hin und alles dauerte bei mir länger.,I fell constantly there and everything lasted with me longer.,I was falling daily and everything took me longer to do.,-0.1701482581503784,,TRUE,FALSE,
"Am Abend bis 21 Uhr fielen weitere 5mm Regen auf die Stadt, nach 6,6mm, die bereits in der Nacht zum Sonntag niedergegangen waren.","At the evening until 21 o 'clock further 5mm of rain fell on the city, after 6,6mm which had come down already in the night to the Sunday.","A further 5mm of rain fell on the city in the evening up to 9pm, following the 6.6mm that fell overnight on Sunday.",0.3948386011870167,,TRUE,FALSE,
Esityksissä otetaan usein kantaa yhteiskuntaan.,The proposal takes often position in society.,The performances often make statements on the society.,-0.1701482581503784,,TRUE,FALSE,
"Он добавил, что ""силами ПВО в районе населенного пункта Мерешки сбит самолет Су-27, нарушивший договоренности о прекращении огня"".","He added that ""the air defense forces in the area of settlement Merski downed the aircraft Su-27 found agreement on a cease-fire.""","He added that: “A Su-27, which was in violation of the ceasefire agreement, was shot down near Mereshka by air defence forces”.",-0.1701482581503784,,TRUE,FALSE,
Джордж Уэбстер обвинен в изнасилованиях в отелях в Нэйрне и Питлохри,George Webster accused of rape in hotels in Neyrne and Pitlochry,George Webster accused of Nairn and Pitlochry hotel rapes,1.245240487025625,,TRUE,FALSE,
"Вот и всё"""".","That's all. """"","That's it.""""",0.9598254605244118,,TRUE,FALSE,
"Nälkäpeli-tähden edustaja vahvisti, että kuvat ovat aitoja ja tuomitsi hakkerin ”röyhkeästä yksityisyyden loukkaamisesta”.",Hunger game - the representative confirmed that the pictures are authentic and sentenced the hacker 'arrogant' invasion of privacy.,"A representative for the star of ""The Hunger Games"" confirmed the photos of Lawrence were real and blasted the hacker for ""a flagrant violation of privacy.""",-0.1701482581503784,,TRUE,FALSE,
Osvobozování ukrajinských vojáků ze zajetí proruských separatistů se věnuje čtyřiadvacet hodin denně.,Ukrainian soldiers liberation from captivity pro-Russian separatists dedicated around the clock.,He devotes himself to freeing Ukrainian soldiers captured by pro-Russian separatists 24 hours a day.,-0.1701482581503784,,TRUE,FALSE,
Как-будто мою голову выправили.,Like my head vypravili.,It's almost like I had my head put on straight for me.,-1.865108836162564,,TRUE,FALSE,
"Dieses Vorgehen befeuert vermutlich die lang angekündigten Proteste in Hongkongs Geschäftsbezirk, während Aktivisten die Planung und Mobilisierung dazu innerhalb weniger Stunden nach der Verlautbarung in die Wege leiteten.","This approach fired probably the long-planned protests in Hong Kong's business district, while activists in the planning and mobilization within a few hours after the announcement led the way.","The move is likely to spark long-promised protests in Hong Kong's business district, as activists began planning and mobilizing within hours of the announcement.",-0.1701482581503784,,TRUE,FALSE,
"""Я считаю, что не обязана отвечать"", ответила Эсме Нуссбаум.","""I think that is not obliged to answer,"" said Esmé Nussbaum.","""I believe I am not obliged to say,"" Esme Nussbaum replied.",0.3948386011870167,,TRUE,FALSE,
"In der Ukraine geht der Krieg jetzt weiter, und jeden Tag sterben Menschen, und ich glaube, dass viele Kinder getötet wurden und noch getötet werden.","In Ukraine, the war now again, and people die every day, and I believe that many children were killed and still be killed.","Now in Ukraine the war goes on, people are dying every day, and I believe many children were killed and will be killed.",0.6802536276882301,,TRUE,FALSE,
Es hat meine Gesundheit angegriffen und ich fühle es immer noch.,It has attacked my health and I still feel it.,It affected my health and I still feel it.,0.9598254605244118,,TRUE,FALSE,
"Kevern oli pahoillaan Ailinnin puolesta, sekä omien, tarpeettoman julmien sanojensa vuoksi että sen pelon vuoksi, joka näkyi tämän silmissä sillä hetkellä, kun Ailinn päätti asettua häntä vastaan.","Kevern was in favour of regrets ailinnin, both for the sake of their own, unnecessarily cruel words, and that it because of the fear, which was in the eyes of this moment, when Ailinn decided to stand against him.","He felt sorry for her, both on account of the unnecessary unkindness of his words and the fear that showed in her eyes in the moment of her standing up to him.",-1.0088637566589236,,TRUE,FALSE,
"Armáda Lesothského království tvrdí, že žádný puč neplánuje - předseda vlády zůstává v Jižní Africe",Army LESOTHO Kingdom maintains that no plans no coup - Prime Minister remains in South Africa,Lesotho military says no coup planned; PM stays in South Africa,0.4006817948520483,,TRUE,FALSE,
"Muselo by dojít ke shodě všech stran Především by záleželo na postoji Chelsea, jestli by případnou nabídku klub řešil, nebo ne.","It would have to be consistent with all the parties, in particular, would depend on the position of Chelsea, if any offer of the club would be dealt with or not.","There would have to be a consensus among all parties, and mainly would depend on Chelsea's position as to whether or not to examine the offer.",0.3948386011870167,,TRUE,FALSE,
Азиатская серия турниров начинается уже через пару недель.,A series of Asian tournaments starts in a couple of weeks.,The Asian series of tournaments starts in just a couple weeks.,1.245240487025625,,TRUE,FALSE,
Kinder brauchen Wurzeln und Flügel,Children need roots and wings,Children need roots and wings,1.524812319861807,,TRUE,FALSE,
Jemenitische Medien berichten von einem Verkehrschaos in der Hauptstadt.,Yemeni media reported a traffic chaos in the capital.,Yemeni media report that there is traffic chaos in the capital.,0.9598254605244118,,TRUE,FALSE,
Miksi isäsi rakasti jotain tuollaista?,Why is your father loved something like that?,Why would your father have loved something like that?,0.3948386011870167,,TRUE,FALSE,
"Jednou chci pracovat u policie a doufám, že mě příští rok přijmou na akademii.","I want to work at the police once, and I hope they'll take me at the academy next year.",I want to serve in the police one day and hope they enrol me to the training academy next year.,0.3948386011870167,,TRUE,FALSE,
"Podstatné je pro mě pochopitelně sportovní hledisko, ale dívám se na to i z osobní stránky, do které potřeby rodiny samozřejmě patří.","The point is, of course, the sporting aspect for me, but I'm looking at it from the personal pages, which, of course, belongs to the needs of the family.","Sports prospects are understandably important for me, but I also look at everything from a personal point of view, which of course includes consideration for the family's needs.",-0.1701482581503784,,TRUE,FALSE,
"Ich habe beschlossen, keine Stand-up-Comedy zu machen, weil ich finde, dass diese Art der sofortigen Befriedigung von einem Saal voller Fremder irgendwie gefährlich ist.",I decided to make no condition UP Comedy because I find that this kind of the immediate satisfaction of a hall of full strangers is somehow dangerous.,I'm just choosing not to do stand-up because that thing of getting instant gratification from a room full of strangers I guess is kind of dangerous.,-0.1701482581503784,,TRUE,FALSE,
"Два года назад Лаврентьев пошел в министерство культуры Республики Башкортостан, чтобы узнать о судьбе дома.","Two years ago, Lavrentiev went to the Ministry of culture of the Republic of Bashkortostan to learn about the fate of the house.","Two years ago, Lavrentev went to the Ministry of Culture for the Republic of Bashkortostan in order to find out about the fate of the house.",1.245240487025625,,TRUE,FALSE,
"Ich erinnere mich an die schreckliche Stille nach der Belagerung, es gab einfach keine Kinder, die rufen und herumlaufen konnten, und diese Stille dauerte viele Monate an.","I remember the terrible silence after the siege, there were simply not any children who could call and walk around, and this silence lasted many months.","I remember terrible silence right after the siege, there were just no children to shout and run around, and that silence lasted for many months.",1.245240487025625,,TRUE,FALSE,
"Предыдущая администрация области передала нам это здание в безвозмездное пользование, признав наши заслуги в борьбе с наркотиками, в знак уважения к фонду.","The previous administration of region transmitted this building to us into the gratuitous use, after recognizing our merits in the fight with the narcotics, into the sign of respect for fund.","The previous regional administration gave us free-use of this building, in recognition of our achievements in the fight against drugs, and as a sign of respect for the Foundation.",0.1152667683508349,,TRUE,FALSE,
"Wenn er versuchte, komisch zu sein, brachte er sich oft in Schwierigkeiten, weil er wie sein Vater nicht über den beruhigenden Charm verfügte, den man brauchte, um die in Witzen inhärente Grausamkeit zu bezähmen.","If it tried to be funny he brought himself often in trouble, because he did not have like its father the reassuring Charm, which one needed, in order cruelty inherent in jokes to bezähmen.","Meaning to be funny often landed him in a mess because, like his father, he lacked the reassuring charm necessary to temper the cruelty that lurked in jokes.",-1.865108836162564,,TRUE,FALSE,
"Als beratender Anästhesiearzt widmete er seine Karriere der Aufgabe, den Kranken sowohl die Agonie der Krankheit wie auch die Qualen der Behandlung zu ersparen.","As a consulting Anästhesiearzt he devoted himself to the task of his career, the sick and the agony of the disease, as well as the anguish of the treatment to spare.","A consultant anaesthetist, he devoted his career to sparing the sick both the agonies of illness and the torments of treatment.",-1.865108836162564,,TRUE,FALSE,
"Naštěstí existují osvědčené tipy, jak se se změněnou situací vyrovnat: nespěchat a dopřát si kvalitní spánek.","Fortunately, there are proven tips on how to cope with the changed situation: do not hurry and enjoy a good night's sleep.","Fortunately, there is good advice for how to cope with the situation: don't rush, and get plenty of sleep.",1.245240487025625,,TRUE,FALSE,
Poltettujen vaateriekaleiden lisäksi autosta löytyi katkaistu haulikko.,Shreds of clothing in the car they found a sawed-off shotgun.,"In addition to the burnt garment shreds, a sawn-off shotgun was found in the car.",0.1152667683508349,,TRUE,FALSE,
Только моему Георгию удалось выжить.,Only my George managed to survive.,Only my Georgy managed to survive.,1.2393972933605937,,TRUE,FALSE,
Ateenan jälkeen koripallomaajoukkue sukelsi syvälle.,After the Athens koripallomaajoukkue crashed deep.,"After Athens, the national basketball team dived deep.",-1.865108836162564,,TRUE,FALSE,
При этом сборная России вела 2-0 после чистой победы Хан-Магомедова и волевой - Дениса Ярцева (вес до 73 кг).,"The national team of Russia led 2-0 after a clean victory Хан-Магомедова volitional, and - the weight to be Denis (73 kg).","Moreover, Team Russia was leading 2-0 after the clean fight victory of Khan-Magomedov and the comeback win by Denis Yartsev (in the 73kg class).",-1.865108836162564,,TRUE,FALSE,
"Minulle tuottaa todellista iloa istua yhdessä ohjaajan kanssa, joka auttaa muokkaamaan koko matkan alun, keskivaiheen ja lopun, enkä usko, että haluan koskaan luopua siitä tunteesta.","It gives me real pleasure to sit together with the guide, which will help to shape the whole country at the beginning of the journey, the middle and the end, and I do not believe that I would never give up on feeling.","The joy of sitting in a room with a director who is helping to shape a beginning, middle and end of a journey - I don't think I'll ever want to give that up.",0.4006817948520483,,TRUE,FALSE,
Neškodné věci jako podlahové dlaždice nebo střechy přístřešků na nářadí v našich domovech běžně obsahovaly azbest.,Harmless things like floor tiles on the roof shelters or tools in our homes commonly contained asbestos.,"Meanwhile, in our homes, items as innocuous as floor tiles or shed roofs have routinely contained asbestos.",0.1094235746858033,,TRUE,FALSE,
"""Между 1865 и 1890 годами линчевали, по крайней мере, 10000 чернокожих мужчин, и основанием этому почти всегда служило изнасилование белой женщины"", рассказала Хэттери.","""Between 1865 and 1890 for years, at least 10,000 black men, and the reason for this is almost always served to rape white women,"" said Khetteri.","""Between 1865 and 1890, at least 10,000 black men were lynched and the justification was almost always the rape of a white woman,"" said Hattery.",-0.1701482581503784,,TRUE,FALSE,
"He eivät kuitenkaan kertoneet yksityiskohtia ilmeisesti peläten, että se johtaisi ongelmiin viranomaisten kanssa.","They do not, however, been telling details, apparently for fear that it would lead to problems with the authorities.","However, they did not give details, apparently looking to avoid problems with authorities.",0.6802536276882301,,TRUE,FALSE,
"Das zeigte sich bereits am frühen Sonnabend, als sich die ersten Besucher zum Open Air aufmachten.","This became evident early on Saturday, when the first visitors to the open air journeys.",This was already apparent early on Saturday when the first visitors set off for the open air.,0.1094235746858033,,TRUE,FALSE,
"На площади перед мэрией Москвы стоит десяток шатров, декорированных зеленью и деревом.",On the square in front of the Moscow city hall is worth a dozen business decorated green and tree.,"On the square in front of Moscow city hall, there are dozens of tents decorated by greenery and trees.",-0.1701482581503784,,TRUE,FALSE,
Он должен предстать перед мировым судом Карраты 23 сентября.,He must be brought before the world court Karratha September 23.,He is due to appear in Karratha Magistrates Court on September 23.,-0.1701482581503784,,TRUE,FALSE,
"Pokud někdo nemá rád davy, není to místo pro něj.","If someone does not like crowds, it's not the place for him.","If anyone doesn't like crowds, then this is not the place for them.",0.3948386011870167,,TRUE,FALSE,
Valioliigaseura Hull sijoitti seuran ennätyssumman Uruguayn maajoukkuemiehen Abel Hernandezin hankintaan.,"Hull Valioliiga Club, the club has invested a record amount of the national team of Uruguay 's Abel Hernandez.","Premier League club Hull invested a record sum in signing Abel Hernandez, a Uruguay’s national team player.",0.1152667683508349,,TRUE,FALSE,
"""Diese Tragödie veränderte mein Leben, aber es hat mich nicht zerbrochen,"" sagt sie kampflustig.","""This tragedy changed my life, but it did not break me,"" she says tear.","'This tragedy changed my life but it surely did not break it,' she said defiantly.",0.6802536276882301,,TRUE,FALSE,
"Der leutselige Vize-Parteichef von Guangzhou hofft, dass er Frankfurt im nächsten Jahr zu einem Partnerschaftstreffen besuchen kann.",The affable Vice Party Chief of Guangzhou is hoping that he can visit Frankfurt in the next year to a partnership meeting.,The affable deputy party leader of Guangzhou hopes to visit Frankfurt next year for a partnership meeting.,0.6802536276882301,,TRUE,FALSE,
"Документ еще будет детализироваться, чтобы избежать возможного дискомфорта для покупателей.","The document will still be detalizirovat′sâ, in order to avoid possible discomfort to the buyers.",The document will still undergo revision to avoid negative impacts on consumers.,-1.865108836162564,,TRUE,FALSE,
Maanantain vastaisena yönä Soinit olivat jo kotimatkalla.,"Monday night, Soini, were already on their way home.",The night between Sunday and Monday the Soinis were already on their way home.,0.1152667683508349,,TRUE,FALSE,
Die Analysten schätzen übereinstimmend das jährliche Vorsteuerergebnis auf 450 Mio. £.,Analysts estimate in the annual pre-tax profit to £450 million.,Analyst consensus is for full-year pre-tax profit of £450m.,0.6802536276882301,,TRUE,FALSE,
"Порошенко в субботу обратился к собранию лидеров Европейского Союза в Брюсселе, чтобы призвать к мерам по предотвращению дальнейшей российской агрессии против Украины, бывшей советской республики, которая была независимой 23 года.","Poroshenko on Saturday appealed to European Union leaders meeting in Brussels to call for measures to prevent further Russian aggression against Ukraine, a former Soviet Republic, which was the independent 23 year.","Poroshenko on Saturday addressed a meeting of European Union leaders in Brussels to urge action to prevent further Russian aggression against Ukraine, a former Soviet republic that has been independent for 23 years.",0.6802536276882301,,TRUE,FALSE,
"Lahjatontti sijaitsee Koiskalassa, Kärkjärven rannalla.","Lahjatontti located on koiskalassa, kärkjärven seacoast.","The gift lot is located in Koiskala, by lake Kärkjärvi.",-1.865108836162564,,TRUE,FALSE,
Sie können mehr als 80 Prozent der Kosten eines neu gekauften Buches sparen.,You can save more than 80 percent of the cost of a new book purchases.,You can save more than 80 per cent of the cost of buying a book new.,0.9598254605244118,,TRUE,FALSE,
"Als Vater von Ellie, 16, und Tamsin, 14, ist das nicht immer leicht.","As a father of Ellie, 16, and Tamsin, 14, that is not always easy.","As the father of Ellie, 16, and Tamsin, 14, that is not always easy.",1.2393972933605937,,TRUE,FALSE,
"Стюарт продолжил, но отстал до 21-ой позиции.","Stewart continued, but fell behind to 21 th position.",Stewart carried on but dropped back to 21st.,0.6802536276882301,,TRUE,FALSE,
"А здесь хоть крохотная надежда есть, что дадут жилье просторнее.",But even here there is a tiny hope that will give more spacious housing.,And here there’s at least a glimmer of hope that they’ll give us more spacious accommodations.,0.3948386011870167,,TRUE,FALSE,
"Demokratiaa puolustavan kampanjan takana oli suurelta osin Occupy Central With Love and Peace -liike, jonka järjestäjät ovat uhanneet estää liikemaailman korttelin toiminnan, jos Peking ei myönnä Hongkongille aitoa yleistä äänioikeutta.","Democracy behind a defensive campaign was largely Occupy Central With Love and Peace Movement, which the organizers have threatened to block the business world block action if Beijing does not grant Hong Kong a genuine universal suffrage.","Behind much of the pro-democracy campaign in Hong Kong is the Occupy Central With Love and Peace movement, whose organizers have threatened to shut down the financial district if Beijing does not grant authentic universal suffrage.",0.1152667683508349,,TRUE,FALSE,
"Gekkoihin kohdistuvien vaikutusten kautta voidaan pyrkiä ennakoimaan, millaisia vaikutuksia painottomuudella olisi ihmiseen tämän oleskellessa pidempiä aikoja vastaavassa tilassa, havainnollisti New Statesman heinäkuussa.","Through the impact Gekkoihin can try to predict what impact this would have on man painottomuudella oleskellessa for longer periods of time in a similar condition, demonstrated by the New Statesman in July.","Through the effects caused to geckos it can be tried to predict what effect the weightlessness would have on a human being when staying longer times in a similar space, New Statesman explained in July.",-1.865108836162564,,TRUE,FALSE,
"China verweigert Hongkong Recht auf Regierungswahl, Demonstranten schwören Vergeltung","China denies Hong Kong law on government election, protesters swear vengeance",China refuses to give Hong Kong right to choose leaders; protesters vow vengeance,0.6802536276882301,,TRUE,FALSE,
"Zmatená Aida zoufale hledala svou matku Larissu, které je nyní čtyřicet.","Confused, looking for his mother desperately Aida Larisa, who is now 40.","Bewildered, Aida was desperately searching for her mother, Larissa, now 40.",-0.1701482581503784,,TRUE,FALSE,
Espanjan Bilbaossa koripallon MM-kisoissa Suomi-faneja on paikalla yli 8000.,The Spanish Bilbao in the basketball World Cup - Finland fan is here more than 8000.,"In the Spanish city Bilbao, at the Basketball World Championships, there were over 8,000 Finnish fans present.",0.6802536276882301,,TRUE,FALSE,
"Olomouc přivezla z Opavy jen bod, výhru měl na noze Vašíček","Olomouc of opavy just point , winning the leg vašíček","Olomouc took away one point from Opava, and Vašíček had the potential winning goal on his foot.",-1.865108836162564,,TRUE,FALSE,
"Ředitel výzkumu RP Data Tim Lawless uvedl, že na trhu vedou Sydney a Melbourne.",The Director of the Seventh Framework Programme for research data lawless said that on the market are Sydney and Melbourne .,RP Data research director Tim Lawless said Sydney and Melbourne are driving a two tier market.,-0.7292919238227419,,TRUE,FALSE,
"Rovaniemen kaupunki haluaa vahvistaa asemakaavalla kelkkaparkkitoiminnan Ystävyydenpuistossa, joka sijaitsee hotelli Pohjanhovin vieressä.","Rovaniemi town wants to strengthen the arms' car park behind the action of the park, which is located next to the hotel Pohjan Court of Appeal.","The city of Rovaniemi wants to confirm with a local detailed plan the sled parking activity in Friendship Park, located next to Hotel Pohjanhovi.",-0.1701482581503784,,TRUE,FALSE,
"Das in Miami beheimatete Unternehmen Norwegian Cruise betreibt 13 Kreuzfahrtschiffe auf Routen zwischen Nordamerika, dem Mittelmeer, der Ostsee, Mittelamerika und der Karibik.","The enterprise Norwegian Cruise resident in Miami practices 13 cruise ships on routes between North America, the Mediterranean Sea, the Baltic Sea, Central America and the Caribbean.","Miami-based Norwegian Cruise operates 13 cruise ships in routes spanning North America, the Mediterranean, the Baltic, Central America and the Caribbean.",0.6802536276882301,,TRUE,FALSE,
"Vom Kurort hatten die Radler einen guten Eindruck, als sie nach eineinhalb Stunden wieder aufbrachen: ""Tschüss!""","The cyclist from the resort had a good impression when they departed after a hour and a half: ""bye!""","As the riders set out again on the road, they had a good impression and happy memories of the resort: ""Bye!""",0.1152667683508349,,TRUE,FALSE,
В Италии подвешивают мясо в холодильной камере на 10 дней при температуре 1-2 градуса.,In Italy meat in refrigeration cell for 10 days when temperature 1-2 degrees.,"In Italy, meat is hung in a cold room for 10 days at a temperature of 1 to 2 °C.",0.3948386011870167,,TRUE,FALSE,
"До сих пор рекорд по объему привлеченных на биржах США средств принадлежал платежной системе Visa, которая в 2008 году провела первичное размещение своих акций, заработав на этом $17,9 млрд.","Still the record for the volume of attracted on US exchanges the funds belonged to the payment system Visa, which in 2008 completed an initial offering of its shares which netted $17.9 billion.","Until now, the record for the largest volume of investment attracted to a US stock exchange belonged to Visa payment system, which first offered its stocks in 2008, making $17.9 bln. on the deal.",0.1152667683508349,,TRUE,FALSE,
Der erste Meisterschaftstreffer im Rapid-Dress wird ihm deshalb in spezieller Erinnerung bleiben.,The first championship match in rapid-Dress will therefore remain in special memory.,"His first championships goal at Rapid-Dress will, therefore, always be a special memory for him.",0.1152667683508349,,TRUE,FALSE,
"Trubky prosakovaly, ve vanách byly mrtví pavouci, slimáci se oslizle podepsali na okna, jako kdyby si mysleli, že jim to místo patří, zahrada byla zarostlá a plevel připomínal obrovské hlávky zelí.","Pipes seeped, dead spiders were in tubs, if slugs oslizle signed to windows, as, they thought that they it place owns a garden was overgrown, and a weed resembled huge hlávka of cabbage.","The pipes leaked, there were spiders still in the baths, slugs had signed their signatures on all the windows, believing the place belonged to them, the garden was overgrown with weeds that resembled giant cabbages.",-0.7234487301577102,,TRUE,FALSE,
Die Premiere des Amula-Open-Airs war von den Besucherzahlen mehr als gelungen.,The premiere of Dr. open airs succeeded more than by the number of visitors.,The premier of the Amula-Open-Airs was more than a success in terms of the number of visitors.,-0.4555632846515918,,TRUE,FALSE,
"Jeho matka Marina, 42, uvedla: „Ta bolest tady bude pořád.","His mother Marina, 42, said, ""The pain will always be here.","His mother Marina, 42, said: 'This pain never leaves me.",1.245240487025625,,TRUE,FALSE,
"Bojovníci za práva žen na potrat společně se Sdružením amerických porodníků a gynekologů a Americkou lékařskou asociací tvrdí, že nutnost mít toto povolení klade na lékaře požadavky, které z lékařského hlediska nejsou nutné.","Campaigners for women's rights to abortion, together with the Association of American obstetricians and gynecologists and the American Medical Association says that the need to have this permit puts the doctor requirements that are not medically necessary.","Abortion rights campaigners, along with the American College of Obstetricians and Gynecologists and the American Medical Association, say admitting privileges laws impose medically unnecessary requirements on doctors.",0.3948386011870167,,TRUE,FALSE,
"Kiinteistönvälittäjät poistivat Suffolkissa myynnissä olevan talon myyntikuvan huomattuaan, että kuvassa talon olohuoneessa makaa iso sika.","Real estate agents removed Suffolk on the sale of the house sales image became aware of it, that the elephant in the room in the Picture House is lying on the big pig.",A picture for a house for sale in Suffolk was removed by estate agents when it emerged it showed a large pig at rest in the living room.,-1.0088637566589236,,TRUE,FALSE,
"Hakkerilla uskotaan olevan 30 kuvaa Palmerista tämän edellisen poikaystävän Scott Speedmanin kanssa, joukossa myös kaksi otosta Palmerista yläosattomissa altaan reunalla.","Hackers are believed to be 30 picture Palmerista this last boyfriend of one of Scott's Speedmanin, including two of the upper Palmerista, after all, have the edge of a basin.","The hacker is believed to have 30 images of Palmer with ex-boyfriend Scott Speedman, including two frames where she is lounging topless in a pool.",-1.865108836162564,,TRUE,FALSE,
Jako dobrý příklad poslouží třeba v Itálii ručně vyrobené šachy s hrací deskou o velikosti 42 x 42 cm.,It will serve as a good example in Italy to be handmade chess with the cribbage board about the size of 42 x 42 cm.,A good example is a chess set handmade in Italy with a 42 x 42 cm playing board.,0.1152667683508349,,TRUE,FALSE,
"Последнему дождю предшествовала пара коротких ливней с порывистым ветром, включая грозу, которая началалась незадолго до 8 вечера и вылила почти 4 мм примерно за 10 минут.","But the latest was preceded by a couple of short showers with wind, including threatened that shortly before 8 pm has woken up and poured almost 4 mm in about 10 minutes.","The latest rain came courtesy of a couple of short, blustery showers, including a burst that started just before 8pm that dumped almost 4mm in about 10 minutes.",0.1152667683508349,,TRUE,FALSE,
"Abbott se začal scházet se sestrami z charitativní organizace Macmillan a jedna mu poradila, aby kontaktoval právníka.",Abbott began to meet the sisters from the charity Macmillan and one told him to contact a lawyer.,"Suddenly Abbott was plunged into meetings with Macmillan nurses, one of whom suggested that he should get in touch with a lawyer.",0.1094235746858033,,TRUE,FALSE,
"Poté, co se mu dostalo uznání od kritiky za jeho Othella, ponořil se do divadla.","After he received recognition from critics for his Othello, he plunged into the theater.","Since he won critical acclaim for his Othello, he has become engrossed in the theatre.",0.3948386011870167,,TRUE,FALSE,
"Ke konci vystoupení se přesune do prostoru mezi křídly letounu, kde její show pokračuje,"" popsal Luděk Matějíček z chebského Ultralight Clubu a organizátor leteckého dne.","At the end of speeches will move into the space between the wings of the airplane, where her show goes on, ""described by Luděk Matějíček from Cheb Ultralight Club, and the organizer of Airshow.","Near the end of the performance, she moves to the space between the aircraft's wings, where her show continues,"" explained Luděk Matějíček from the Cheb Ultralight Club, the organizer of Aviation Day.",0.6802536276882301,,TRUE,FALSE,
"""Ich verstehe absolut, worauf Sie hinaus wollen,"" antwortete Esme Nussbaum mit ruhiger Stimme, als sie sicher war, dass ihr Vorgesetzter zu Ende gesprochen hatte, ""und ich sage nichts anderes, als dass wir noch nicht so wirksam geheilt sind, wie wir uns selbst vormachen.","""I understand absolutely whereon you want out,"" answered say Esme nut tree with quiet voice when it certainly was, that its superior had spoken to end, ""and I nothing other when that we are not healed yet so effective, how we show ourselves.","""I fully understand the points you are making,"" Esme Nussbaum replied in a quiet voice, once she was certain her supervisor had finished speaking, ""and I am saying no more than that we are not healed as effectively as we delude ourselves we are.",-1.0088637566589236,,TRUE,FALSE,
"Как рассказал ""РГБ"" глава строительной компании ""Профи-инвест"" Анатолий Демьянко, сметные нормативы давно устарели, но другого механизма бизнесу пока не предложено.","As he told the head of the construction company RSL ""профи-инвест"" Anatoly Demyanko, estimated the regulations were obsolete long ago, but another mechanism business until it offered.","As the Head of Profi-Invest construction company, Anatoly Demyanko, told RGB, the estimate norms have been out of date for quite some time, but no other mechanism has been offered to businesses thus far.",-1.865108836162564,,TRUE,FALSE,
Eric on uskollinen kauluspaita-tyylilleen.,Eric is a staunch red shirt style.,Eric is faithful to his shirt style.,0.1094235746858033,,TRUE,FALSE,
"Návod na to, jak šifrovat soubory i komunikaci na internetu, nabízíme čtenářům HN a IHNED.cz v podobě elektronické knihy od Michala Altaira Valáška ve formátu PDF.","Instructions on how to encrypt the files and communications on the Internet, we offer readers HN and iHNed.cz in the form of electronic books from Michael's Valáška in PDF format.",We are offering readers of HN and IHNED.cz a guide explaining how to encrypt files and communication in the form of an e-book by Michal Altair Valáška in PDF format.,0.6802536276882301,,TRUE,FALSE,
"Její jedenáctiletá dcera Shani Bartová prozradila, že „je to trochu zvláštní“ chodit najednou znova do školy.","Her eleven-year-old daughter, Shani Bartová, said that ""it's a bit odd"" to go back to school.","Her 11-year-old daughter, Shani Bart, said it felt a ""little bit weird"" to suddenly be going back to school.",0.9598254605244118,,TRUE,FALSE,
Keskus on Microsoftin mukaan jo täysin varusteltu sekä kytketty verkkoon.,"The center is according to Microsoft, already fully equipped and connected to the network.","According to Microsoft, the centre is already fully equipped and connected to the network.",1.245240487025625,,TRUE,FALSE,
"Überlebender: Georgij Fanijew heute, mit einem Foto von sich im Krankenhaus nach der Belagerung auf dem Laptop","Survivor: Georgy Fanijew today, with a photo of himself in the hospital after the siege on the laptop","Survivor: Georgy Farniev pictured today, with a photograph of him in hospital follwoing the siege on his laptop",0.3948386011870167,,TRUE,FALSE,
"„Nebojím se jít zpátky do tělocvičny, ale nemyslím na sebe.","""I'm not afraid to go back to the gym, but do not think for themselves.",'I'm not scared to go back in the gym but I don't think about myself.,-0.1643050644853467,,TRUE,FALSE,
Aber er hat es gehört und er ist weggelaufen.,But it has one and it is weggelaufen.,"But he did hear, and he did run away.",-1.865108836162564,,TRUE,FALSE,
"Ilmoitukseen kuului kuva olohuoneesta, missä sika nojasi päätään sohvaan.","Announcement was picture of the elephant, where nojasi decide sohva pigs.",The particulars featured a picture of the living room of the house - which included a pig with its head resting on a settee.,-1.865108836162564,,TRUE,FALSE,
"Я встала и полезла обратно внутрь, чтобы найти свою маму.",,I got up and climbed back in to look for my mum.,-0.1701482581503784,,TRUE,FALSE,
"Поэтому полагаю, что россияне выступили в такой представительной компании на хорошем уровне.","Therefore, I believe that the Russians were in such a representative company at a good level.","This is why I suggest that the Russians, given the competition, performed at a good level.",-0.1701482581503784,,TRUE,FALSE,
Stewart (78) z Anstrutheru obvinění u soudu v Dundee popřel.,Stewart ( 78 ) from anstrutheru charges in court in Dundee denied .,"Stewart, 78, from Anstruther, denied the charge at Dundee Sheriff Court.",-1.0263933376540186,,TRUE,FALSE,
Soundtrack je směsicí reggae a rapu a melodie je optimistická.,Soundtrack je mixture reggae a rap a melody je optimistic.,The soundtrack is a mix of reggae and rap and the tunes are upbeat.,-1.865108836162564,,TRUE,FALSE,
"Все, что у нас есть на настоящий момент - это заявление от исполнительного директора Twitch Эммета Шира: ""Мы выбрали Amazon, потому что они верят в наше сообщество, они разделяют наши ценности и долгосрочные цели, и они хотят помочь нам достичь их быстрее.""","All that we have at the moment is a statement from Executive Director of it we as Emmett: ""We chose Amazon because they believe in our community, they share our values and long-term objectives, and they want to help us get there faster.""","All we have at the moment is this statement from Twitch CEO Emmett Shear: ""We chose Amazon because they believe in our community, they share our values and long-term vision, and they want to help us get there faster.""",0.3948386011870167,,TRUE,FALSE,
A Lafatu trápí teplota,And worries Lafatu temperature,And Lafata has a fever,-1.0263933376540186,,TRUE,FALSE,
Их же преследовали.,They also were persecuted.,They were being persecuted.,0.9598254605244118,,TRUE,FALSE,
Němečtí sousedé se v Chebu předvedli s rekonstruovanými letadly Jak 18T nebo tříčlennou formací dvouplošníků Bücker Jungmann.,Germany's neighbors in Chisinau demonstrated with reconstructed aircraft How 18t or three formations dvouplošníků Bücker Jungmann.,Cheb's neighbors from the German side of the border gave performances including some with reconstructed Jak 18T aircraft and three-member formations using Bücker Jungmann biplanes.,-1.865108836162564,,TRUE,FALSE,
Продолжил дешеветь и рубль и даже обновил исторический максимум к доллару.,Continued its cheaper and the ruble and even updated its historical maximum to the dollar.,The rouble continued its devaluation and even reached a new historic low against the dollar.,-1.0263933376540186,,TRUE,FALSE,
"Mustanmeren niemimaalla, joka liitettiin Venäjään viisi kuukautta sitten, sijaitsee Venäjän päälaivasto sekä kaupallisen merenkulun satama-alueita ja historiallisia rannikkokohteita.","The Black Sea peninsula, which was annexed to Russia in five months ago, is located in the päälaivasto of Russia, as well as commercial shipping port in the coastal areas and historical sites.",The Black Sea peninsula annexed five months ago is home to Russia's main naval fleet as well as commercial maritime facilities and historic coastal resorts.,-0.7234487301577102,,TRUE,FALSE,
Собчак и Виторган завтракают сигаретами со Жванецким в Одессе,Sobchak and Vitorgan cigarettes have Breakfast with Zhvanetsky in Odessa,Sobchak and Vitorgan have a breakfast of cigarettes with Zhvanetsky in Odessa,-0.1701482581503784,,TRUE,FALSE,
"Situace, kdy jsem v prvních třech zápasech nové sezony nechytal, je pro mě po patnácti letech kariéry nová.",The situation when I did not catch in the first three matches of a new season is for me after fifteen years of a career new.,The situation when I have not ended up anywhere as a goalkeeper in the first three games of the new season is new for my fifteen-year career.,-1.0088637566589236,,TRUE,FALSE,
Osa tähtistä on alkuillasta median tavattavissa Nelonen Expo -nimeä kantavilla tv-messuilla.,Kneadingtroughs is part of the early evening will be available for media Nelonen Expo - name in pregnant TV trade fair.,Some of the stars are available for media at a TV fair called Nelonen Expo.,-1.865108836162564,,TRUE,FALSE,
Clevere Wege zum Sparen bei Uni-Lehrbüchern,Clever ways to save in university teaching books,Smart ways to save on college textbooks,0.3948386011870167,,TRUE,FALSE,
Sunnuntaina noin 150 ihmistä kokoontui Cardiffin kaupungintalolle ns. vastahuippukokoukseen.,"On Sunday, about 150 people gathered for the town house, known only to the Cardiff summit.","And on Sunday in Cardiff, around 150 people came together at Cardiff's county hall for what was described as a counter-summit.",0.1152667683508349,,TRUE,FALSE,
"Die Terroristen ließen sie gehen, aber hielten in ihrer Grausamkeit ihre 30-jährige Mutter, die 10-jährige Schwester Kristina und ihren Bruder Makhar in der Schulsporthalle zurück.","The terrorists let go it, but held its 30-year-old mother, the 10-year-old sister in its cruelty Kristina and its brother Makhar in the school sports hall back.","Terrorists let her go but cruelly kept her 30 year old mother, ten year old older sister Kristina, and brother Makhar in the school gym.",0.1152667683508349,,TRUE,FALSE,
"Den kleinen Muskelkater kann er da leicht wegstecken, zumal ihm die Teilnahme am 8. Radeln auf den Großen Feldberg zugunsten des Vereins ""Hilfe für krebskranke Kinder"" (Frankfurt) auch persönlich eine wertvolle Erkenntnis gebracht habe.","The small muscles, it can easily wegstecken, as it was to participate in the 8th biking on the Great Feldberg in favor of the association ""help for children suffering from cancer"" (Frankfurt) personally a valuable insight.","He can put up with a little muscle stiffness, especially since his participation in the 8th Cycling Event on the Grosser Felberg was in aid of the 'Help for children with cancer' association, and gave him a valuable personal insight.",-1.865108836162564,,TRUE,FALSE,
"Ты всегда рассказываешь какую-то историю, а здесь отличное место для этого.","You're always talking about a story, and here is a great place to do this.",You're always telling a story and that's a great place to be.,0.4006817948520483,,TRUE,FALSE,
Lebensmittel werden knapp,Food is scarce,Food suppliers are scarce,0.1094235746858033,,TRUE,FALSE,
"Der Hausverkauf sorgte in den sozialen Medien für Interesse, als einige fragten, ob das Schwein im Kaufpreis enthalten sei.","The house was for sale of interest in social media, when some wondered whether the pig was included in the purchase price.","The house sale has sparked interest on social media, where some have enquired whether the pig is included in the sale.",0.6802536276882301,,TRUE,FALSE,
Tulipaloissa kuollut melkein kaksinkertainen määrä ihmisiä viime vuoteen verrattuna,Fires killed nearly double the number of people compared to last year,The number of the deaths occurred in the fires almost twice as big as last year,0.9656686541894436,,TRUE,FALSE,
Ke zdůvodnění lynčování jste potřebovali spolupráci bělošek.,"To justify of lynčování, you needed cooperation of běloška.",You needed the white woman to be complicit in the narrative to justify the lynching.,-1.865108836162564,,TRUE,FALSE,
Virginia hat mit 6 Prozent in allen drei Amtsbereichen die deutlich geringsten Unternehmenseinkommenssteuern (in allen drei gibt es feste Unternehmenssteuersätze).,"Virginia has the lowest corporate income taxes (in all three with 6 percent in all three areas, there are strong business rates).",Virginia has the lowest corporate income tax by far of the three jurisdictions (all of which have flat corporate rates) at 6 percent.,-0.1701482581503784,,TRUE,FALSE,
Об этом сообщил министр образования и науки самопровозглашенной республики Игорь Костенок.,The Minister of Education and Science of the self-proclaimed republic Igor Kosten.,"The Minister of Education and Science for the self-proclaimed republic, Igor Kostenok, reported this.",0.4006817948520483,,TRUE,FALSE,
"Der NATO-Chef beschuldigte allerdings Russland ""eines krassen Bruches"" der Vereinbarung.","However, Russia accused the NATO-Chef ""of a glaring fault line"" of the agreement.","Nevertheless, the head of NATO accused Russia of ""a flagrant breach"" of the agreement.",-0.17599145181541,,TRUE,FALSE,
"Vuosittaiset ennen veroja lasketut voitot nousivat 40 prosentilla vuoden takaiseen ollen näin 380 miljoonaa puntaa ja liikevaihto kasvoi 18 prosentilla 1,6 miljardiin puntaan.","The annual before tax profits rose 40% a year ago, the case of 380 million pounds and turnover increased by 18% to £1.6 billion.","Annual pre-tax profits rose 40 per cent year on year to £380m, on revenues up 18 per cent to £1.6bn.",-0.1701482581503784,,TRUE,FALSE,
Koko alkuvuoden eli tammi-heinäkuun aikana tavaratalojen ja hypermarkettien liikevaihto on supistunut yli kaksi prosenttia.,"During the whole at the beginning of the year, i.e. in January - July of the turnover of the supermarkets and hypermarketti has shrunk by more than 2%.","During the first part of the year, i.e. January through July, the turnover of the department stores and hypermarkets has diminished over two percent.",-0.7234487301577102,,TRUE,FALSE,
"Poznamenal si: „Chci, aby se všechno dělo spíš dřív než později.“","Noted: ""I want to make everything happened rather sooner than later.""","""I want everything to happen sooner rather than later,"" he noted.",0.6802536276882301,,TRUE,FALSE,
Sata siirtolaista löytyi hiilivaunusta Makedoniassa,One hundred emigrants hiilivaunusta were found in Macedonia,One hundred immigrants found in a coal wagon in Macedonia,-1.865108836162564,,TRUE,FALSE,
"Přestože někteří kuřáci dostanou rakovinu plic, ne všichni pacienti s rakovinou plic kouřili.","Though some smokers get lung cancer, not all patients with lung cancer, smoking.","Though some smokers get lung cancer, for example, not all lung cancer sufferers have smoked.",0.1094235746858033,,TRUE,FALSE,
Ei ollut mitään ’meitä’ eikä ’muita’.,There was no ' us ' and ' the other '.,"There was no ""we"" and there were no ""others.""",0.6802536276882301,,TRUE,FALSE,
"Kaupunginhallitus on yksimielinen siitä, että säästöjä on saatava aikaan.",City board has agreed unanimously that the savings have to be made.,The city board is unanimous that savings must be achieved.,0.9598254605244118,,TRUE,FALSE,
"Sie wurde von dem russischen Starfotografen Dimitri Beliakow fotografiert und berühmt, als sie nur in ihrer Unterwäsche versuchte, in die zerschossene Schulsporthalle zurückzuklettern, nachdem eine Mine explodiert war.",She was photographed by the Russian star photographer Dimitri Beliakow and famous when she was only in her underwear tried in the zerschossene school sports hall zurückzuklettern after a mine exploded.,She was famously snapped by top Russian photographer Dmitry Beliakov wearing only her underwear as tried to climb back inside the blitzed school gym after a mine exploded.,-1.865108836162564,,TRUE,FALSE,
"Die Welt hielt 2004 den Atem an, als das Baby Aljona in den Armen eines russischen Polizisten aus der Belagerung von Beslan getragen wurde.","The World 2004 held the breath, as the baby eat in the arms of a Russian policeman from the siege of Beslan was carried.",The world gasped in 2004 when baby Alyona was carried out of the Beslan siege cradled in the arms of a Russian policeman.,0.1094235746858033,,TRUE,FALSE,
Эндрю Лоусон не был старым.,Andrew Lawson was not old.,Andrew Lawson was not old.,1.524812319861807,,TRUE,FALSE,
Ja heitä on paljon.,And there are many of them.,And there are lots of them.,1.524812319861807,,TRUE,FALSE,
"Tisíce izraelských dětí z oblastí v blízkosti pásma Gazy se v pondělí vrátily do školy poté, co strávily léto v protibombových krytech, zatímco během padesátidenní války mezi Izraelem a Hamásem na jejich domovy útočily rakety a minomety. Školy v Gaze však zůstávají zavřené, zatímco se území vzpamatovává z bojů.","Thousands of Israeli children from areas near the Gaza Strip has returned to school on Monday after having spent the summer in bomb shelters, while padesátidenní during the war between Israel and Hamas in their homes, rockets and mortars. Schools in Gaza, however, remains closed while the territory is still recovering from the fighting.","Thousands of Israeli children in areas near the Gaza Strip went back to school Monday after spending the summer in bomb shelters as rockets and mortars rained on their communities during the 50-day Israel-Hamas war, while schools in Gaza remained shuttered as the territory recovered from the fighting.",-0.7234487301577102,,TRUE,FALSE,
"Нельзя сказать, нет.",You cannot say no.,"Your feet specifically, no.",-0.7292919238227419,,TRUE,FALSE,
"Tři kilometry do cíle budou bolet, ale je potřeba opravdu máknout.","Three miles into the objectives will be hurt, but it is necessary to really work.","The three kilometers to the finish are going to hurt, but it is really necessary to make it.",-1.0263933376540186,,TRUE,FALSE,
"Владельцы кафе кавказской и среднеазиатской кухни подчеркивают, что продукты из бывших советских республик ароматнее европейских",The owners of Cafe Caucasian and Central Asian cuisine emphasizes that products from the former Soviet republics more European,Owners of cafés that offer Caucasian and Central Asian cuisine emphasize that food products from the former Soviet republics are more aromatic than European ones,-0.4555632846515918,,TRUE,FALSE,
"Ilmeisesti ennen minun tuloani on joskus ollut tällainen ajatus, joka on keskusteltu aikanaan terveydenhuollon kanssa.","Apparently, before I came here, I had this idea that has been discussed at the time with health care.","Apparently, before I started here, there has been a such idea, which at that time has been discussed with the healthcare department.",-0.1701482581503784,,TRUE,FALSE,
"Carnival, Royal Caribbean Cruises и Norwegian Cruise вместе составляют 82 процента круизного пассажиропотока в Северной Америке, согласно регистрационным документам при первом публичном размещении акций Prestige Cruises.","Carnival, Royal Caribbean Cruises and Norwegian Cruise together make up 82 percent of cruise passengers in North America, according to registration documents at the first public offering of shares Prestige Cruises.","Carnival, Royal Caribbean Cruises and Norwegian Cruise together account for 82 percent of the North American cruise passenger berth capacity, according to Prestige Cruises' initial public offering registration document.",0.9656686541894436,,TRUE,FALSE,
Nejvyšší cenu nabídli zájemci o stanoviště v ulici Na Perštýně.,The highest price offered candidates for the post in Na Perslyne.,The highest price has been offered by those interested in taxi stands on Na Perštýně Street.,-0.1701482581503784,,TRUE,FALSE,
"Zákon vytvořil 350 milionovou finanční rezervu, kterou hradí pojišťovny a která je určena lidem diagnostikovaným po červenci 2012, kteří mohou prokázat, že byli vystaveni azbestu, ale nemají koho žalovat.","The law has created a 350 ] the financial envelope are covered by insurance companies , which is intended to people diagnostikovaným after July 2012 , who can prove that they were subjected to asbestos , but do not have anyone to court .","The law has created a £350m pot of money, funded by the insurance industry, for those diagnosed after July 2012 who can prove exposure but have no one to sue.",-1.865108836162564,,TRUE,FALSE,
"„Odjela jsem dvě minuty předtím, než teroristé vtrhly na dvůr, takže můj chlapeček tam tři dny zůstal sám,“ vzpomínala.","“ went , I have two minutes before the terrorists stormed the Court , so my baby boy there three days left alone , ” mentioned .","'I left two minutes before the terrorists rushed into the yard, so my little boy was left there alone for three days of horror,' she recalled.",-0.7234487301577102,,TRUE,FALSE,
"Menneisyys on olemassa, jotta voimme unohtaa sen.","The past is there, so we can forget about it.",The past exists in order that we forget it.,0.1152667683508349,,TRUE,FALSE,
"Järjestöt ovat luvanneet työuraratkaisun syksyyn mennessä, mutta tuoreimman arvion mukaan se syntyisi tämän viikon aikana.","Organisations have agreed to a settlement by the autumn, but according to the most recent estimate, it would be this week.","The organisations have promised a career solution by the end of autumn, but according to the latest estimation it would be achieved this week.",0.1152667683508349,,TRUE,FALSE,
Путин заявил о полной неэффективности фонда развития Дальнего Востока,Putin declared full inefficiency of fund of development of the Far East,Putin made a statement about the total ineffectiveness of the development fund for the Russian Far East,0.3948386011870167,,TRUE,FALSE,
Její tělo je ovšem zachovalé - drží svůj tvar.,"Her body, however, is preserved - holds its shape.","Of course, its body has been preserved and retains its shape.",0.6802536276882301,,TRUE,FALSE,
"В ""Теремке"" ""санкционные продукты"" вообще занимали не более 4%.","In ""the Mansion"" and ""sanctions products"" generally took no more than 4%.","At Teremok, “sanctioned goods” generally accounted for no more than 4%.",-0.1701482581503784,,TRUE,FALSE,
Вы лесбиянка?,Are you a lesbian?,Are you a lesbian?,1.524812319861807,,TRUE,FALSE,
"Что война, которая сейчас терзает Украину, в которой такие же дети, как они, погибают, теперь прекратится.","That war which torments now Ukraine in which the same children as they, perish, will stop now.",That the war now scarring Ukraine - in which children like them are dying - will now stop.,0.1152667683508349,,TRUE,FALSE,
"Am zweiten Tag standen für die Radfahrer die Stationen Birstein, Wächtersbach und Bad Orb - inklusive eines Konzerts mit den Trenkwaldern - auf dem Programm.","On the second day were for cyclists stations Birstein, Wächtersbach and Bad Orb - including a concert with the Trenkwaldern - on the agenda.","On the second day of the tour program, the riders would call at the stopping points of Birstein; Wächtersbach; and Bad Orb - including a concert with the Trenkwaldern.",-0.1701482581503784,,TRUE,FALSE,
"Snažím se tlesknout si s každým, kdo nabídne ruku, a radím to i Kátě, protože deset tlesknutí s fanoušky je jako půlka energetické tyčinky.","I try to clap with everyone, who will offer a hand, and I also Káťa advise it because ten tlesknutí with fans, is such half of an energy bar.","I try to high-five with everyone who puts out his hand, and I advise Káťou to do the same, because ten high-fives with fans is like half an energy bar.",-1.865108836162564,,TRUE,FALSE,
"Perry esti Lehmbergin viran rahoituksen, kun tämä kieltäytyi eroamasta, mikä johti suuren valamiehistön kokoontumiseen Austinissa tässä kuussa Perryn ollessa syytettynä. Perry on vuoden 2016 presidentinvaalien mahdollinen ehdokas.","Perry Lehmbergin blocked funding for the post, when it refused to resign, which led to a grand jury in Austin this month to arrange a meeting with Perry accused. Perry is a potential candidate for the presidential election in 2016.","Perry vetoed funds to her office when she refused to resign, which led to a grand jury in Austin this month indicting Perry - who is a potential 2016 presidential candidate.",0.3948386011870167,,TRUE,FALSE,
"Svádět expozici smrtelného azbestu na jednu firmu nebo místo výkonu práce - obvykle desítky let poté, co se tak stalo - se pro pacienty s mezoteliomem usilující o kompenzaci ukázalo být obrovským problémem.",Seduce exposure to deadly asbestos on one company or place of work - typically decades after it happened - for patients with mesothelioma seeking compensation turned out to be a huge problem.,"In fact, pinning lethal asbestos exposure on one company or place of work - usually decades after the fact - has proved a huge problem for mesothelioma sufferers seeking compensation.",0.1152667683508349,,TRUE,FALSE,
"По его словам, 11% школьников выехали в другие регионы Украины, 20% - в Россию.","He said that 11% of school children left in other regions of Ukraine, 20% - in Russia.","According to him, 11% of school children left for other regions in Ukraine, and 20% for Russia.",-0.1701482581503784,,TRUE,FALSE,
Kaupunginhallitus palautti tehdyt esitykset vielä johtoryhmän valmisteltaviksi.,Yet the local government returned the proposals put forward in preparation for the management team.,"Furthermore, the city board returned the presented proposals to be prepared by the board of directors.",0.1094235746858033,,TRUE,FALSE,
Die Hauptstoßrichtung des Warnstreiks sei der Güterverkehr.,The main thrust of the warning strike was the freight.,The brunt of the strike will affect the transport of goods.,-0.1701482581503784,,TRUE,FALSE,
Nitrometaania käytetään esimerkiksi kiihdytysajossa.,"For example, biomethane nitro kiihdytys are used in",Nitromethane is being used for example in drag racing.,-1.0088637566589236,,TRUE,FALSE,
Gallupeissa itsenäisyyden kannattajat ovat olleet tappiolla.,According to many independence supporters have been at a loss.,"In the polls, the independence supporters have been on the losing side.",0.1152667683508349,,TRUE,FALSE,
Proč je to takový rozdíl?,Why is it such a difference?,Why such a difference?,1.245240487025625,,TRUE,FALSE,
O rodině budu přemýšlet později.,"On a family, I will think later.",I will think about a family later.,0.3948386011870167,,TRUE,FALSE,
"Он не ищет мести, например, он не зациклен на этом прошлом кошмаре.","He does not seek revenge, for example, he is not fixated on this last nightmare.","He is not seeking revenge for example, he is not preoccupied with this past horror.",0.9598254605244118,,TRUE,FALSE,
"Neomluvená absence v zápočtovém listu nemá stejné důsledky jako § 53 (např. nemožnost pobírat hmotné zabezpečení v nezaměstnanosti), přesto je tím ztížená možnost hledání nového zaměstnání.","Neomluvená absence in credit worksheet does not have the same consequences as § 53 (e.g. inability to receive material security in unemployment), however, is the increased difficulty of finding a new job.","An inexcusable absence in your records will not have the same consequences as Section 53 (such as the inability to collect unemployment benefits), even though it hinders your ability to seek new employment.",-1.865108836162564,,TRUE,FALSE,
"Stephen Fairclough sledoval během víkendu situaci a mluvil s protestujícími, kteří přicestovali z Bridgend do Belgie.","Stephen Fairclough watching the situation over the weekend and spoke with the protesters, who traveled from Bridgend to Belgium.",Stephen Fairclough has been following developments for us over the weekend and has spoken to protesters who have travelled from Bridgend to Belgium.,0.9656686541894436,,TRUE,FALSE,
Tilaisuus alkaa Sebastian Rejmanin juontamalla Nelonen Median eri kanavien syksyn ohjelmistojen esittelyllä.,The opportunity to start by Sebastian Rejman juontama Nelonen media presentation software in the autumn of different channels.,"The event will start with the presentation of the programming of different channels of Nelonen Media, hosted by Sebastian Rejman.",-1.0088637566589236,,TRUE,FALSE,
"Итак, процесс репетиций был жестким, и я читал эту пьесу месяцы и месяцы до того, как мы ее поставили.","So the rehearsal process was tough, and I read this play months and months before we put her in.",So the rehearsal process was brutal and I was reading that play for months and months before we did it.,0.1152667683508349,,TRUE,FALSE,
Päätöstä edeltäneenä kesänä Hongkongissa järjestettiin joitain alueen suurimmista ja eniten huomiota herättäneistä protesteista vuosiin.,The decision preceding the summer in Hong Kong was held in some of the region's largest and most attention-about the protests in years.,The ruling comes after a summer that has featured some of the largest and most high-profile protests in Hong Kong in years.,0.4006817948520483,,TRUE,FALSE,
"Будучи врачом, Эбботт знал, что боль идет из плевры, оболочки вокруг легких.","As a doctor, Abbott knew the pain comes from the pleura, shell around the lungs.","Being a doctor, Abbott knew that the pain was coming from the pleura, the lining around his lungs.",0.9598254605244118,,TRUE,FALSE,
"Leider kamen nicht so viele Teilnehmer, wie der Veranstalter sich erhofft hatte,was vermutlich an den schlechten Wetterprognosen und am morgendlichen Regen lag.","Unfortunately, there were not so many participants, as the organizer had hoped, which was probably due to the bad weather and the morning rain.","Unfortunately, there were not as many participants as the organizer had hoped for, which is presumably because of the bad weather forecast and the morning rain.",0.9598254605244118,,TRUE,FALSE,
"Jeho otec Vladimir, který ho venku chytil, řekl: „Damir mi řekl, že jeho matka je mrtvá.“","His father, Vladimir, who grabbed him outside, he said, ""Damir told me that his mother is dead.""","His dad Vladimir, who scooped up his son outside, said: 'Damir told me his mother had died.",0.6802536276882301,,TRUE,FALSE,
"Pro řetězec pracovala devět let, od roku 1978 do roku1987, kdy dohlížela ve dvou prodejnách na sekci s oblečením - jednou z míst byla vlajková loď společnosti, obchod na Oxford Street.","She worked for a string of nine years, from 1978 to roku1987, ever vigilant in two stores on the section with clothes - one of the places was the flagship company, the shop on Oxford Street.","She worked for the chain for nine years, from 1978 to 1987, supervising clothes sections at two sites - one of which was the flagship store on Oxford Street.",-1.0088637566589236,,TRUE,FALSE,
"В ближайшее время в ""Стардогсе"" будет плановое увеличение цен на 8%.","In the near future in ""Stardogse"" will be planned price increases by 8%.","In the near future, Stardogs will go ahead with a planned 8% increase in its prices.",0.3948386011870167,,TRUE,FALSE,
"Те же сбитые с толку мужчины, даже более чувствительные и капризные после ТОГО, ЧТО ПРОИЗОШЛО, ЕСЛИ ВООБЩЕ ПРОИЗОШЛО, чем их предки, контрабандисты и разрушители, бродили в ярости из паба в паб, готовые поднять руку на любую женщину, посмевшую отказать им или поддразнить их.","The same confusing men, even more sensitive and capricious after THAT A, IF A ICIE than their ancestors, the smugglers and peace, roamed the fury from pub to pub, ready to raise a hand on any woman, posmevshuu refuse them or upset them.","The same befuddled men, even more thin-skinned and peevish in the aftermath of WHAT HAPPENED than their smuggler and wrecker ancestors had been, roamed angrily from pub to pub, ready to raise a hand to any woman who dared to refuse or twit them.",-1.865108836162564,,TRUE,FALSE,
"Na vysočinský ""velký"" fotbal podobný požadavek od politiků zatím nepřišel.","Vysočinský "" great "" football similar a requirement from politicians yet did not come.",No similar request has yet been addressed to major-league soccer in Vysočiny by politicians.,-1.865108836162564,,TRUE,FALSE,
Deine Füße sind zu groß.,Your feet are too large.,Your feet's too big.,1.524812319861807,,TRUE,FALSE,
Přesto je konkrétní a zcela přijatelný.,"Nevertheless, it is concrete and quite acceptable.","Nonetheless, it is specific and entirely acceptable.",1.245240487025625,,TRUE,FALSE,
"Китайские компании, среди которых крупнейший в Китае девелопер коммерческой недвижимости Dalian Wanda Group и интернет-гиганты Tencent Holdings (соцсети, мессенджер и др.) и Baidu (крупнейший китайский поисковик), создают компанию, которая будет конкурировать на рынке онлайн-торговли с Alibaba.","Chinese companies, including China's largest developer of commercial properties, Dalian Wanda Group, and Internet giants Tencent Holdings (the social network, messenger, etc.) and Baidu (the largest Chinese search engine), creating a company that could compete on the online trading market with Alibaba.","Chinese companies, including the largest developer of commercial real estate in China, Dalian Wanda Group, and the Internet giants, Tencent Holdings (social media, messenger, and others) and Baidu (the largest Chinese search engine), are creating a company that will compete in the online retail market with Alibaba.",0.6802536276882301,,TRUE,FALSE,
Nyt molemmat nauttivat työn hedelmistä.,Now both are enjoying the fruits of the work.,Now both of them are enjoying the fruits of their labour.,0.9656686541894436,,TRUE,FALSE,
Ein besonders schöner Anblick werden die 25 Festdamen mit ihren Dirndln sein.,A particularly beautiful sight the 25 fixed ladies with their Dirndln will be.,A particularly attractive sight will be the 25 festival women in their Dirndls.,-0.1701482581503784,,TRUE,FALSE,
"""Дервиш"" доставил в СССР военную помощь от США и Великобритании.","""Dervish"" delivered in the USSR military assistance from the United States and Britain.",The Dervish delivered military aid from the USA and Great Britain to the USSR.,0.4006817948520483,,TRUE,FALSE,
"Älä hylkää koko ajatusta ennen kuin tiedät, mistä puhut.",We do not reject the whole idea before we know what we are talking about.,Don't slag it off if you don't know what you're talking about.,0.6802536276882301,,TRUE,FALSE,
"Jos päästit suustasi j:llä alkavan sanan, etkä muistanut nostaa kahta sormea suusi eteen, jouduit maksamaan pennin.","If the devil get to your mouth, and you remembered the beginning of the word j:llä to raise two fingers to the front of your mouth, you had to pay a penny.",Begin a word with a j without remembering to put two fingers across your mouth and it cost you a penny.,-1.0088637566589236,,TRUE,FALSE,
Bis der große Regen kam.,Until the big rain came.,And then the rain came.,0.3948386011870167,,TRUE,FALSE,
"Rodgersin ollessa 13-vuotias hänelle suoritettiin useita akillesjänteen leikkauksia jalkojen suoristamiseksi. Leikkausten yhteydessä lääkärin lähdettyä huoneesta hän vilkaisi nopeasti tutkimuspapereitaan, joissa sanottiin hänen kärsivän FA-taudista.","About Rodgers is 13 years old and he carried out a series of cuts to the feet of Achilles tendon was born crooked. In surgeries, the doctor left the room, he quickly glanced at its research paper, which was said to be suffering from the FA for his disease.","Rodgers said when she was aged 13, after several operations to release her Achilles tendons and straighten out her feet, she took a peak at her medical notes when her consultant left the room which said that she suffered from FA.",0.1152667683508349,,TRUE,FALSE,
"Главное отличие нынешнего проекта, пояснил министр, в том, что сейчас предполагается не только утилизация машин для получения последующей скидки, но и возможность в случае, если автомобиль достиг возраста более шести лет, приобрести новый со скидкой при сдаче старого в ""трейд-ин"" у дилера, передает ""Интерфакс"".","The main difference of the present project, the minister explained, that not only utilization of cars for receiving the subsequent discount, but also an opportunity is now supposed in case the car reached age more than six years to get new at a discount at delivery old in ""trade-in"" from the dealer, Interfax tells.","The main difference with the current project, the minister explained, is that vehicle scrappage is not only offered in order to receive a subsequent rebate, but there is also the opportunity, if the vehicle is more than six years old, to buy a new one at a discount when the old one is traded-in at a dealership, Interfax reports.",0.1152667683508349,,TRUE,FALSE,
"Pahiten on takunnut kodin ja vapaa-ajan tuotteiden myynti, jonka liikevaihto laski vuoden takaisesta yli seitsemän prosenttia.",The worst is takunnut sales of home and leisure products with net sales decreased from one year ago over seven per cent.,"The sales of the home and leisure time products has been trouble-filled the most, and its turnover fell over seven percent from last year.",-0.4380337036564968,,TRUE,FALSE,
"Da krachten die Schwerter metallisch aneinander, die Schilde schepperten und die Wurflanzen flogen surrend durch die Arena, dass einem Angst und Bange werden konnte um die Gesundheit der Gladiatoren.","Since crashed, swords, shields, hand-bells and litter lances surrend flew through the arena that could be a fear and worry about the health of the gladiators.","The swords clashed against one another, the shields clanked and the spears flew, zooming through the arena, so much so that you feared for the safety of the gladiators.",0.1152667683508349,,TRUE,FALSE,
Monet Gazan rintaman läheisyydessä sijaitsevan Nahal Ozin yhteisön asukkaista ovat epäileväisiä paluun suhteen palestiinalaisten kranaatin tapettua 4-vuotiaan pojan yhteisössä.,Many of the Gaza Strip near the front of the Nahal Oz 'Community residents are sceptical about the return of the Palestinian grenade killed 4-year-old boy by a policeman in the Community.,"Many residents of Nahal Oz, a community close to the Gaza frontier where a 4-year-old boy was killed by a Palestinian mortar shell, are hesitant about coming back.",-0.1701482581503784,,TRUE,FALSE,
Ein 78-jähriger Mann steht wegen des Überfahrens eines dreijährigen Mädchens auf einem Fußgängerüberweg in Fife vor Gericht.,A 78-year old man stands because of the over driving of a three-year girl on a pedestrian crossing into Fife in court.,A 78-year-old man is to stand trial accused of running over a three-year-old girl on a pelican crossing in Fife.,0.1094235746858033,,TRUE,FALSE,
"Он сказал: ""Я не смог спасти ее"""".","He said: ""I couldn't save her.""",He said: 'I couldn't save her'.',1.524812319861807,,TRUE,FALSE,
"Некоторые из них в прошлом декабре участвовали в мероприятиях по выявлению коррупции, которое было направлено на проверку сотрудников правительства, в том числе четырех правительственных министров.","Some of them last December were involved in the measures for the detection of corruption, which was aimed at checking government employees, including four government ministers.","Some of them were involved in last December's corruption probes targeting government officials, including four government ministers.",0.9598254605244118,,TRUE,FALSE,
"Критикуя это решение, чиновники Луизианы сказали, что не будут наказывать врачей, делающих аборты, пока их заявления на полномочия приема ждут решения.","Criticizing this solution, the officials of Louisiana said that they will not punish doctors, who make abortions, until their statements to the authorities of method wait the solution.","In arguing against the ruling, Louisiana officials said they would not punish doctors performing abortions while their applications for admitting privileges were pending.",0.1152667683508349,,TRUE,FALSE,
"Он хотел сказать, что это шутка, но ему не хотелось при ней снова прижимать к губам два пальца.","He wanted to say it was a joke, but when he did not want to press it again to his mouth with two fingers.","He wanted to say it was a joke, but was reluctant, in her company, to put two fingers to his lips again.",-1.0088637566589236,,TRUE,FALSE,
"Čtyři evangelia byla přijata a šestnáct dalších bylo odmítnuto prostým zvednutím ruky, jako kdyby se skutečnost nějaké věci dala přijmout nebo odmítnout hlasováním.","The four gospel were accepted, and sixteen others were rejected by the simple hand of a hand, as if the fact was to accept or reject the vote.","Four gospels were accepted and sixteen more were rejected, all by a show of hands, as if the facts of the matter could be evaluated or dismissed by popular vote.",-1.865108836162564,,TRUE,FALSE,
"Причина, по которой мы ощущаем его смертельные последствия сейчас, состоит в том, что, хотя использование асбеста противозаконно уже многие годы (все типы асбеста были, в конечном итоге, запрещены законом в 1999 году), на развитие мезотелиомы уходят обычно десятки лет.","The reason why we feel its deadly consequences now, is that, although the use of asbestos, it is illegal for many years (all types of asbestos were eventually forbidden by law in the year 1999), on the development of mesothelioma are typically tens of years.","The reason that we are feeling its deadly effects now is that, though asbestos use has been illegal for years (all types of asbestos were eventually banned by law in 1999), it usually takes decades for mesothelioma to develop.",0.6802536276882301,,TRUE,FALSE,
A vy tedy na odchod netlačíte?,And you therefore do not you push departure.,And are you not pushing for departure?,0.1094235746858033,,TRUE,FALSE,
"Sedí ve smíchovském NH Hotelu, hovoří s českými novináři a chystá se s českou reprezentací na herní generálku s Američany a následně také na ostrý start kvalifikace o Euro 2016 proti Nizozemsku.","He sits in smíchovský NH Hotel, he speaks with Czech journalists, and he prepares with a Czech representation to game generálka with Americans and consequently also to sharp start of a qualification, euro 2016, against the Netherlands.","He is sitting at the NH Hotel in Prague, talking to Czech reporters, and he is planning to participate with the Czech team in a rehearsal match with the Americans, after which he will also start the process of qualification for Euro 2016 against the Netherlands.",-1.865108836162564,,TRUE,FALSE,
"Die Quellen baten darum, anonym bleiben zu können, da die Verhandlungen nicht öffentlich seien.",The sources asked to remain anonymous because the negotiations were not public.,The sources asked not to be identified because the negotiations are not public.,1.524812319861807,,TRUE,FALSE,
Im Konflikt zwischen schiitischen Huthi-Rebellen und der jemenitischen Regierung haben die Huthis zu zivilem Ungehorsam in der Hauptstadt Sanaa aufgerufen.,In the conflict between Shia Huthi-rebels and the Yemeni government the Houthis called for civil disobedience in Sanaa capital.,"In the conflict between the shiite Houthi rebels and the Yemen government, the Houthis have called for civil disobedience in the capital, Sanaa.",1.245240487025625,,TRUE,FALSE,
"Восстанавливающаяся экономика означает больше клиентов, больше продаж и новые рабочие места.","The restored economy means more clients, it is more than sales and new jobs.","A rebounding economy means more customers, higher sales and new jobs.",0.4006817948520483,,TRUE,FALSE,
An die Anwohner denken,"Thinking to the People "" s Villages",Think of the neighbours,-0.1701482581503784,,TRUE,FALSE,
"Доходы предпринимателей также, похоже, идут на поправку, согласно этим данным.","The income of entrepreneurs also seems to go to the amendment, according to the data.","Business incomes also appear to be on the mend, according to the data.",-0.1701482581503784,,TRUE,FALSE,
Auch im sozialen Netzwerk Facebook müssen die Veranstalter Kritik einstecken.,In the social network Facebook the organizers must take criticism.,The event organizers also had to accept criticism on the social networking site Facebook.,-0.1701482581503784,,TRUE,FALSE,
Lucie se však v hlavní zpravodajské relaci TV Nova ještě pravidelně ukazovat nebude.,Lucie But the main news program Nova TV show will still periodically.,"However, Lucie will not yet regularly appear on TV Nova's main news broadcasts.",-0.1701482581503784,,TRUE,FALSE,
"""Das Training beginnt regelmäßig mit einem Aufwärmprogramm"", erzählt die Trainerin.","""The training begins regularly with a heating program"", tells the coach.","""Training usually starts with a warm up program"", the trainer explained.",-0.1701482581503784,,TRUE,FALSE,
"Источники просили остаться неназванными, так как переговоры не являются открытыми.",The sources asked to remain anonymous because the negotiations are not open.,The sources asked not to be identified because the negotiations are not public.,0.9598254605244118,,TRUE,FALSE,
"Beide wurden für tot gehalten, aber sie überlebten.","Both have been held for dead, but they survived.","Both were feared dead, but in fact they survived.",0.3948386011870167,,TRUE,FALSE,
"A to je fakt, který mě poslední dobou velmi trápí, výstižnější je spíš slovo štve.","And this is the fact that the last time , I am very worried about , the better it is rather the word pitting .","And it's a fact that has really bothered me recently, or, better put, infuriates me.",-1.0088637566589236,,TRUE,FALSE,
"Если штат продолжит достигать целей по налоговым поступлениям в следующем году, этот закон мог бы довести ставку подоходного налога для предпринимателей даже до 3 процентов к 2017 году.","If the state will continue to achieve goals of tax revenue in the next year, this law could bring income tax rate for entrepreneurs, even up to 3 per cent by 2017.","If the state continues to meet revenue goals in the coming year, the law could push the state's business income tax rate as low as 3 percent by 2017.",-0.4555632846515918,,TRUE,FALSE,
Jeho televizní kariéra začala v polovině 70. let: „Dlouho jsem byl jediný černošský imitátor/komik v televizi.“,"His TV career began in the mid-1970s: ""for a long time I was the only black mimic/comedian on TV.""","His TV career was launched in the mid-Seventies: ""For quite a long time I was the only black impressionist/comedian on telly.""",0.9598254605244118,,TRUE,FALSE,
"Motorku zastavili poté, co se zónou s maximální povolenou rychlostí 70 km/h řítila 125 km/h a zajela do buše, aby policistům unikla.",The motorcycle stopped after the zone with a maximum speed limit of 70 km / h hurtling 125 km / h and drove into the bush to escape the police.,A motorcycle has been seized after it was ridden at 125km/h in a 70km/h zone and through bushland to escape police in the Pilbara.,0.1152667683508349,,TRUE,FALSE,
Tapahtuma järjestettiin perjantaina ja lauantaina Ryrmikorjaamolla.,Ryrmikorjaamolla events took place on Friday and Saturday.,The event was organised on Friday and Saturday at Rytmikorjaamo.,-0.4380337036564968,,TRUE,FALSE,
"При этом методе последовательно вводятся всевозможные сочетания символов, начиная с самых часто используемых паролей.","Under this method, consistently introduced all sorts of combinations of characters, starting with the most frequently used passwords.","With this approach, every possible combination of symbols is sequentially entered, starting with the most commonly used passwords.",0.6802536276882301,,TRUE,FALSE,
Kukaan ei nauti porkkanoiden syömisestä.,Nobody enjoys eating the carrots.,Nobody likes eating carrots.,0.6802536276882301,,TRUE,FALSE,
Kupovat použité,Buying used,Buying used,1.524812319861807,,TRUE,FALSE,
"Предстоит разработать критерии оценки электро- и гибридного транспорта и решить, как стимулировать использование и производство экологически чистых транспортных средств.",It is necessary to develop criteria for assessment of electric and hybrid vehicles and decide how to stimulate the use and production of environmentally friendly vehicles.,The development of assessment criteria for electric and hybrid transport vehicles and a decision on how to stimulate the use and production of environmentally friendly transport vehicles still lies ahead.,0.9598254605244118,,TRUE,FALSE,
"Mehr als die Hälfte der Steuereinnahmen des District, 56 Prozent, stammt aus Unternehmenssteuern, während 36 Prozent der Einnahmen Marylands aus Unternehmen stammen.","More than half of the country "" s tax revenue, 56%, comes from corporate taxes, while 36% of revenues come from companies.","More than half of the District's tax revenue, 56 percent, comes from business taxes, while 36 percent of Maryland's revenue comes from firms.",-0.1701482581503784,,TRUE,FALSE,
Eine Notoperation und zwei weitere Eingriffe folgten.,An emergency operation and two more operations followed.,He needed an emergency operation and two further surgeries as well.,0.6744104340231984,,TRUE,FALSE,
"Ввиду присущей им агрессивности, песни такого типа на консоли больше не проигрывали.","Because of their inherent aggressiveness, songs of this type in the console is no longer lost.","On account of their innate aggressiveness, songs of that sort were no longer played on the console.",0.1152667683508349,,TRUE,FALSE,
Pro případ soudního sporu o domluvě se zaměstnavatelem Vám tak chybí prokazatelný důkaz.,"In the case of a dispute concerning a disagreement with the employer, the employer is so lacking in demonstrable evidence.","Then if there is a court dispute about the agreement with the employer, you will lack provable evidence.",-0.17599145181541,,TRUE,FALSE,
"Вообще, по юниорам Билял выступал и в обоих стилях.","In general, on juniors Bilyal acted also in both styles.","As a matter of fact, Bilyal competed in both styles at the junior level.",0.4006817948520483,,TRUE,FALSE,
"Когда я вижу в интернете фотографию, где я лезу в школьное окно, я думаю, что многие люди увидят ее в первый раз, узнают о нашей трагедии и сделают так, чтобы такого больше не происходило.","When I see a photo on the Internet, where I Les in school window, I think many people see it for the first time, learn about our tragedy and make it so that this never happened.","When I see online the photograph of me climbing into the school window, I think that many people will see it for the first time, understand about our disaster, and stop this from happening any more.",0.1152667683508349,,TRUE,FALSE,
"Přítomní čekající na pohřeb s rukama vzhůru skandují: „Ruce vzhůru, nestřílejte!“","People waiting at the funeral with his hands up, chanting: ""Hands up, don't shoot!""","Attendees hold their hands up while chanting, ""Hands up, don't shoot,"" as they wait in line before the funeral.",0.1152667683508349,,TRUE,FALSE,
"Britská strana nakonec vyhověla a tuto pozemní jednotku zařadila jako jednu ze svých sil při obléhání přístavního města Dunkerque, které zůstávalo v moci německých vojsk.","The British finally passed and this ground unit ranked as one of its forces during the siege of the port city of Dunkirk, which remained in power of German troops.","The British side eventually satisfied that request, and included the ground force as one of its own when overrunning the port city of Dunkerque, which had remained under the control of German troops.",-0.1701482581503784,,TRUE,FALSE,
Vastaamme innoissamme kysyntään perustamalla Britannian ensimmäisen luksusluokan matkustusmuodon tämän päivän opiskelijoille.,We're excited for the first class of British luxury travel demand in the shape of today's students.,We're excited to be answering this demand by launching the UK's first luxurious travel service for the students of today.,0.1152667683508349,,TRUE,FALSE,
"Вмешательство пресс-секретаря Кремля, чтобы поправить ""неверную интерпретацию"" слов Путина подчеркнуло решение российского руководства вести себя по отношению к сепаратистскому восстанию на востоке иным способом, чем открытый захват Крыма, где большинство 2-миллионного населения - этнические русские.","The intervention of the press Secretary of the Kremlin, to correct ""erroneous interpretation"" of the words of Putin stressed the decision of the Russian leadership to behave in relation to the separatist uprising in the East in any other way than open the capture of the Crimea, where the majority of the 2 million population are ethnic Russians.","The Kremlin spokesman's intercession to correct the ""misinterpretation"" of Putin's remarks underscored the Russian leadership's approach to dealing with the separatist rebellion in the east differently from its outright seizure of Crimea, where the majority of the 2 million population is ethnic Russian.",0.9598254605244118,,TRUE,FALSE,
Je to hodně těžké.,It's very difficult.,It's very hard.,1.524812319861807,,TRUE,FALSE,
"Sie befürwortet die von der russischen Firma Gasprom betriebene Pipeline South Stream, über die russisches Erdgas unter Umgehung der Ukraine direkt nach Südeuropa transportiert werden soll, was auch der Energiesicherung Italiens dient.","Are you in favour of the Russian company Gazprom on the South Stream pipeline, the Russian natural gas, bypassing Ukraine, is to be transported directly to southern Europe, which is also the Energiesicherung in Italy.","She is a supporter of Pipeline South Stream, run by the Russian firm Gasprom, through which Russian natural gas is to be transported directly to southern Europe, by-passing Ukraine. This will also make Italy's own energy secure.",-1.865108836162564,,TRUE,FALSE,
"Они роют окопы, строят блокпосты и укрепления.","They dig trenches, building roadblocks and fortifications.",They are digging trenches and building roadblocks and reinforcements.,0.9598254605244118,,TRUE,FALSE,
"Сейчас каждый знает, что профсоюзное движение не подорвало силы нации, но увеличило их.","Now everyone knows that the trade union movement has not undermined the nation's power, but increased them.",Now everyone knows that the labor movement did not diminish the strength of the nation but enlarged it.,0.9598254605244118,,TRUE,FALSE,
Urheilussa on vielä mahdollisuus tarkastella miten meillä kansainvälisesti menee.,In sport is still an opportunity to look at how we go on an International level.,"In the sports, there probably still is an opportunity to study how we are doing internationally.",0.4006817948520483,,TRUE,FALSE,
"Tämä porukka on valmis elämysmatkaan MM-kisoihin, mutta heidän perusajattelussaan kotimaan sarjat eivät kaksisesti kiinnosta.","This lot is ready for an initial trip to the Cup, but their basic philosophy in its domestic suites are two potentially interested.","This bunch is ready for travelling to the World Championships in order to have a great experience, but in their basic thinking the domestic series aren’t too interesting.",-1.0088637566589236,,TRUE,FALSE,
"Doufáme, že zde bude konečně dosaženo míru a že děti získají vědomosti, které jim budou v budoucnu užitečné.","We hope that there will be peace at last, and that children will gain knowledge that will be useful in the future.",We hope that peace will finally be established here and that children will receive knowledge that will be useful in their future lives.,1.524812319861807,,TRUE,FALSE,
"Většinou jde o rutinní záležitosti, jako třeba přenést květináče z letního úložiště zpět do tříd a nafasovat křídy.","Mostly routine matters, such as the need to bring the pot back into the store from the summer classes and nafasovat of chalk.","Most of this has been routine preparation, such as bringing flowers from their summer storage areas back to the classrooms and preparing chalk.",-1.865108836162564,,TRUE,FALSE,
Und wie genau will Amazon daraus Geld machen?,And exactly how Amazon wants to make money from it?,"How, exactly, will Amazon capitalise on this?",0.6802536276882301,,TRUE,FALSE,
"Dědu napadl jeden soused, který není úplně v pořádku.",One neighbor that is not fully in wrong attacked Grandpa.,"Grandpa thought it might have been one neighbor, who is not entirely in good condition.",-0.4497200909865601,,TRUE,FALSE,
"Wir spielten zusammen, als wir klein waren, und träumten davon, zusammen zur Schule zu gehen.","We played together when we were small, and dreamed to go therefrom, together to the school.",We played together when we were small and dreamed of going to school together.,0.6802536276882301,,TRUE,FALSE,
"To vám také umožní zachytit na fotkách víc světla - čím hlouběji se potopíte, tím méně barev uvidíte.","It also allows you to capture more light on the photos-the deeper the dive, the fewer colors you see.","This will also allow you to capture more color in your photos; the deeper you go, the less color you'll see.",0.388995407521985,,TRUE,FALSE,
"Этот день традиционно является большим событием для семей, и, как тысячи других украинских родителей, премьер-министр Арсений Яценюк отвел свою дочь в школу.",,"The day is traditionally a big one for families, and like thousands of other Ukrainian parents, Prime Minister Arseny Yatsenyuk took his daughter to school.",1.245240487025625,,TRUE,FALSE,
"„Občas se vyskytne někdo, kdo rakovinu plic přežije,“ říká Treasure.","""Sometimes there is someone who will survive lung cancer,"" says Treasure.","""Every now and again you get long survivors,"" says Treasure.",-0.1701482581503784,,TRUE,FALSE,
Sen jälkeen varsinaisia eläkeneuvotteluita on tarkoitus jatkaa.,After a proper pension negotiations should continue.,The aim is to continue the actual pension negotiations after that.,-0.1701482581503784,,TRUE,FALSE,
"V reakci na tento fakt byla tento rok schválena důležitá nová legislativa, díky které je pro pacienty s mezoteliomem jednodušší domáhat se vyrovnání, i pokud není možné jejich bývalého zaměstnavatele dohledat.","In response to this important new legislation approved this year, which makes it easier for patients with mesothelioma seek compensation, even if it is not possible to trace their former employer.","In response, this year has seen major new legislation which makes it easier for those with mesothelioma to claim compensation even if their former employers can no longer be traced.",0.9656686541894436,,TRUE,FALSE,
"Исследователь Американского предпринимательского института Кристина Соммерс, автор ""Кто украл феминизм?"", сказала She The People, что молодые мужчины в Соединенных Штатах, особенно цветные молодые люди, ""гораздо более уязвимы, чем их сестры"", но ремарки Стайнем о Фергюсоне противоречат критике, которую она высказывала ранее.","Scholar at the American Enterprise Institute Christine Sommers, author of ""Who Stole Feminism?"" Said She The People, the young men in the United States, especially colored young people ""are much more vulnerable than their sisters', but Stein's remarks about Ferguson contrary to criticism, she had expressed previously.","American Enterprise Institute scholar Christina Sommers, author of ""Who Stole Feminism?,"" told She The People that young men in the United States, especially young men of color, are ""far more vulnerable than their sisters,"" but Steinem's remarks on Ferguson counter the criticism she has launched in the past.",0.6802536276882301,,TRUE,FALSE,
Сами компании отказываются от каких-либо комментариев по этому поводу.,Companies themselves reject any commentaries in regard to this.,The companies themselves refuse to make any comments on this issue.,0.3948386011870167,,TRUE,FALSE,
Гнев оказался самой универсальной и функциональной эмоцией человека,Anger proved to be most universal and most functional emotion of the man,Anger turns out the be the most universal and functional of human emotions,0.6802536276882301,,TRUE,FALSE,
"Говорят, так и есть - под нашей комнатой потайной лаз и ход к реке Белой, который специально сделали когда-то жившие здесь староверы, чтобы можно было укрыться от опасности, в случае чего.","They say, and so is the concealed under our bathroom лаз and move to the river White, who had once lived here, the old Believers to hide from danger, in which case....","They say that that’s exactly it – underneath our room is a secret passageway and exit to the Belaya River, which was specially built by some old believers who lived here at one time, so that they could take refuge in case of danger.",-1.0088637566589236,,TRUE,FALSE,
1 сентября госпожа Меркель выступит в бундестаге с правительственным заявлением на эту тему.,"On September 1, Ms Merkel in the Bundestag will be a statement from the government on this issue.","On September 1, Ms. Merkel will address the Bundestag with a speech on this matter.",0.3948386011870167,,TRUE,FALSE,
"„Přestože alespoň nějaký růst je lepší než žádný růst, brzdný efekt, který má rostoucí ekonomika a geopolitická nejistota na výrobce, je stále viditelnější,“ řekl Rob Dobson, hlavní ekonom Markit.","""Although at least some growth is better than no growth, braking effect, which has a growing economy and geopolitical uncertainty on the manufacturer, it is becoming increasingly apparent,"" said Rob Dobson, chief economist at Markit.","""Although some growth is better than no growth at all, the braking effect of rising economic and geopolitical uncertainties on manufacturers is becoming more visible,"" said Rob Dobson, senior economist at Markit.",0.6860968213532618,,TRUE,FALSE,
Просто прекрати обнимать меня!,Just don't hug me!!!!!!!!!,Just stop hugging me!,0.9656686541894436,,TRUE,FALSE,
Главные претензии: российские поставщики не могут выдержать стабильные калибр и качество.,The main complaint: Russian suppliers can not sustain stable caliber and quality.,The main complaints: Russian suppliers can’t sustain consistent quantities and quality.,0.3948386011870167,,TRUE,FALSE,
"Apollo on omistanut suurimman osan yhtiön osakkeista vuoden 2007 kaupan jälkeen, jonka arvo oli 850 miljoonaa dollaria.",Apollo has owned the majority of the company's shares after the 2007 trade to the value of 850 million dollars.,Apollo has been the company's majority shareholder following an $850 million deal in 2007.,0.9656686541894436,,TRUE,FALSE,
Paras on Lasse Virénin kaatumiskuva Münchenin olympialaisista.,The best is Lasse Virénin kaatumiskuva the Munich Olympics.,The best is the photo of Lasse Virén falling at the Munich Olympic Games.,-1.865108836162564,,TRUE,FALSE,
"Ich glaube, du hast etwas weitaus weniger lebensbedrohliches.",I believe that you have something far less lebensbedrohliches.,I think you have something a lot less life threatening.,-1.865108836162564,,TRUE,FALSE,
Příště se Honza vrátí k pentatonice a zkusíte si ji dát dohromady právě s dvanáctkou.,"Next time, Honza will return to the pentatonice and try to put it together with the the.","Then Honza returns to the pentatonic, and you can try to put it together with the twelve-member group.",-1.865108836162564,,TRUE,FALSE,
"""То, что Кэтрин Эштон встретилась тет-а-тет с Лукашенко, дает основания полагать, что отношения с ЕС будут размораживаться и дальше"", - сказал он ""Огоньку"".","""The fact that Catherine Ashton met tete-a-tete with Lukashenko, suggests that relations with the EU will be released in the future,"" he said ""the Spark"".","“The fact that Catherine Ashton met face-to-face with Lukashenko gives one a basis to assume that relations with the EU will continue to thaw”, he told Ogonyok.",-0.1701482581503784,,TRUE,FALSE,
"Vankilatyöntekijöiden järjestön ja oikeusministeriön edustajien tapaamisesta huolimatta asiasta ei syntynyt sopimusta, Bulgarian kansallinen radio (BNR) kertoo.","Prison workers organisations and representatives of the Ministry of Justice, despite meeting with no agreement, the Bulgarian National Radio (b,) says.","Despite the meetings between the prison officers union and the Justice Ministry representatives, an agreement was not reached, Bulgarian National Radio (BNR) informs.",0.1152667683508349,,TRUE,FALSE,
Es gab mehrere Krebs-Flecken um meine Brust.,There have been several cancer spots in my chest.,There was multiple spotting [of cancer] around my chest.,0.3948386011870167,,TRUE,FALSE,
"Vor drei Monaten sah es so aus, als sei der Verkauf von Twitch an den Videodienst von Google für eine coole Milliarde beschlossene Sache, und die Zusammenarbeit erschien auch natürlich.","Three months ago, it looked as the sale of twitch to the video service from Google for a cool billion done deal, and the cooperation appeared too of course.","Three months ago the sale of Twitch to Google's video service, for a cool billion, looked all wrapped up, and the pairing seemed natural.",0.1152667683508349,,TRUE,FALSE,
"Siihen joukkoon kuuluivat toimittajat, pelaajien sukulaiset, suomalaiset koripallovalmentajat ja muutamat fanit.","The group included journalists, Finnish basketball coaches, players' relatives and some fans.","That number included journalists, players’ relatives, Finnish basketball coaches and some fans.",1.245240487025625,,TRUE,FALSE,
Ein Freibrief für alle komplizierten Details ist es aber nicht.,A charter for all complicated details is it however not.,"However, there is still no charter explaining all the complex details.",0.1152667683508349,,TRUE,FALSE,
"Тем не менее, на заключительном брифинге Александр Лукашенко дал понять: все стороны не против, чтобы Минск остался центральной площадкой для встреч как в формате Россия--ОБСЕ--Украина, так и на уровне глав государств и высоких представителей Еврокомиссии.","Nevertheless, at a final briefing Alexander Lukashenko let know: all parties not against that Minsk remained the central platform for meetings as in a format Russia - OSCE - Ukraine, and at the level of heads of states and high European Commission representatives.","Nevertheless, in the final briefing, Aleksandr Lukashenko made it clear that all sides are not opposed to having Minsk remain as the main forum for meetings in the Russia-OSCE-Ukraine format, as well as for meetings between heads of state and EU high commissioners.",0.1152667683508349,,TRUE,FALSE,
"В Госдуму внесен проект закона, предусматривающий перенос даты вступления в силу уже принятого закона о персональных данных россиян - с 1 сентября 2016 года на 1 января 2015 года.","In the State Duma introduced a Bill moving the date of entry into force, had already adopted law on personal data of Russians from the January 1, 2015 year September 1, 2016.","A bill, which seeks to change the date of the entry into force of the already approved law on the personal data of Russian citizens from September 1, 2016 to January 1, 2015, has been introduced in the State Duma.",0.3948386011870167,,TRUE,FALSE,
Я не могла поверить в это.,I couldn't believe it.,I couldn't believe it.,1.524812319861807,,TRUE,FALSE,
"Nebylo jasné, jestli chtěla ropuchu zachránit nebo jestli ji chtěla sežrat sama, ale to bylo nepodstatné.","It was not clear whether she wanted to save the toad, or if she wanted to eat alone, but that was irrelevant.","It was not clear whether she wanted to save the toad or if she herself wanted to eat it, but that's not what was important.",-0.1701482581503784,,TRUE,FALSE,
Von Seiten der Stadt wollte man sich bisher nicht zu dem Vorhaben äußern.,"Of sides of the city, one wanted to express himself not yet for intention.","Meanwhile, the town council refused to comment.",-1.585537003326382,,TRUE,FALSE,
Ein Berufungsgericht bestätigt die erste erfolgreiche Personenschadensersatzklage in Großbritannien wegen Kontakts mit Asbest.,A court of appeal confirms the first successful people damage suit in Great Britain because of contact with asbestos.,Court of Appeal confirms the first successful personal injury claim in Britain as a result of asbestos exposure.,0.3948386011870167,,TRUE,FALSE,
"Ich fürchte, dass ich nochmal operiert werden muss.",I fear that I must be operated on again.,I fear I may need more surgery.,1.245240487025625,,TRUE,FALSE,
Hän on kansainvälisestikin tunnettu kapellimestari ja sai Pro Finlandia -mitalin vuonna 2011.,He is internationally known as a conductor and received the Pro Finlandia Medal in 2011.,"She is an internationally known conductor, and received the Pro Finlandia Medal in 2011.",0.4006817948520483,,TRUE,FALSE,
"Автономия, которую российские дипломаты обсуждали на международных форумах дала бы региональным правительствам в Украине власть самим определять торговые соглашения и внешнюю политику, по сути дела, передавая Кремлю фактический контроль над территорией, которая бы соединила основную территорию России с Крымом.","Autonomy, which Russian diplomats discussed at international forums would give regional governments in Ukraine, the authorities themselves define trade agreements and foreign policy, essentially, handing de facto control over the territory, which would have combined the main territory of Russia with Crimea.","The autonomy that Russian diplomats have discussed in international forums would grant regional governments in Ukraine the authority to determine their own trade agreements and foreign relations, effectively handing the Kremlin de facto control over territory that would link the Russian mainland with Crimea.",0.6744104340231984,,TRUE,FALSE,
"Tohle je mnohem větší a také je tu mnohem víc plynů,"" říká vulkanolog Ármann Höskuldsson.","This is much larger and there is also a lot more gas,"" says vulkanolog Ármann Höskuldsson.","""This one is much larger, and there are also a lot more gases,"" says volcano expert Ármann Höskuldsson.",0.3948386011870167,,TRUE,FALSE,
"Die Techniker waren nicht in der Lage, einen halbwegs vernünftigen Sound zu schaffen.",The technicians were not in a position to create a fairly reasonable sound.,The engineers could not get a half-decent sound out of it.,0.6802536276882301,,TRUE,FALSE,
"Michael Jackson wore tape on his nose to get front pages, former bodyguard claims","Michael Jackson trug Klebeband auf der Nase, um Titelseiten zu <v>bekommen,</v> behauptet ehemaliger Bodyguard","Ehemaliger Bodyguard berichtet: Michael Jackson trug Klebeband auf seiner Nase, um auf die Titelseiten zu kommen",0.8068583409930249,,TRUE,FALSE,
Michael Jackson's former bodyguard has claimed the late singer cultivated some of his eccentricities with the deliberate intention of riling up the media.,"Michael Jacksons ehemaliger Bodyguard behauptete, der verstorbene Sänger habe einige seiner Exzentrizitäten mit der <v>absichtlichen Absicht</v> gepflegt, die Medien aufzurütteln.","Der ehemalige Bodyguard von Michael Jackson behauptet, dass der verstorbene Sänger einige seiner exzentrischen Verhaltensweise extra aneignete, um die Medien anzustacheln.",0.6829605369041017,,TRUE,FALSE,
"Matt Fiddes, now a property developer and owner of a martial arts/dance chain, told Metro that Jackson believed the fascination around his persona would stop if he ceased to be a ""mystery"" in the public eye.","Matt Fiddes, heute Immobilienentwickler und Besitzer einer Martial Arts/Dance-Kette, sagte Metro, Jackson glaube, dass die Faszination um seine Person aufhören würde, wenn er aufhöre, ein „Mysterium“ in der Öffentlichkeit zu sein.","Matt Fiddes, jetzt ein Bauträger und Inhaber einer Kampfsport/Tanzverein-Kette, erzählte Metro, dass Jackson daran glaubte, dass die Faszination mit seinem Image schwinden würde, wenn er im öffentlichen Leben nicht mehr ein „Mysterium“ sein würde.",0.7247622993624727,,TRUE,FALSE,
"To get front pages, he would reportedly don surgical masks and put tape on his nose to spark conversation.","Um Titelseiten zu<v> bekommen</v>, soll er chirurgische Masken angezogen und Klebeband auf seine Nase gelegt haben, um Konversation zu entfachen.","Um auf Titelseiten zu gelangen, trug er einen Mundschutz und klebte sich Klebeband auf seine Nase, um Leute zum Reden zu bringen.",0.5831612593716845,,TRUE,FALSE,
We'll tell you what's true. You can form your own view.,"Wir sagen Ihnen, was wahr ist. Sie können sich Ihre eigene Meinung bilden.",Wir sagen Ihnen die Fakten. Sie können sich dazu Ihre eigene Meinung bilden.,1.0,,TRUE,FALSE,
"""He knew how to manipulate the media. He knew exactly how to get the front page,"" Fiddes, who was Jackson's bodyguard for 10 years, said. ""90 per cent of the time it worked, by putting a mask on his face, or sticky tape on his hands - or tape on his nose was a favourite one. He would say he wanted his life to be the greatest mystery on Earth.""","„Er wusste, wie man die Medien manipuliert. Er wusste genau, wie man die Titelseite <v>bekommt</v>“, sagte Fiddes, der zehn Jahre lang Jacksons Leibwächter war. „90 Prozent der Zeit, <v>in der es funktionierte</v>, indem er eine Maske auf sein Gesicht legte oder Klebeband auf seine Hände – oder Klebeband auf seine Nase war <v>ein Lieblingsband</v>. Er würde sagen, er wollte, dass sein Leben das größte Mysterium auf der Erde ist.“","„Er wusste, wie er die Medien manipulieren konnte. Er wusste genau, wie er auf die Titelseiten kommen konnte“, sagte Fiddes, der zehn Jahre lang als Jacksons Bodyguard angestellt war. „Es hat in 90 Prozent der Fälle funktioniert, indem er eine Maske trug oder sich Klebeband an seine Hände klebte – oder auf die Nase, das war sein Favorit. Er hat gesagt, dass er wollte, dass sein Leben das größte Mysterium auf der Welt würde.“",0.0,,TRUE,FALSE,
"He added: ""It's backfired on him now, though, that's the sad thing.""","Er fügte hinzu: „Es ist jetzt nach hinten losgegangen, aber das ist das Traurige.“","Er fügte hinzu: „Jetzt ist es aber für ihn nach hinten losgegangen, das ist das Traurige.“",0.9399240443695812,,TRUE,FALSE,
"Fiddes also addressed allegations of child sexual abuse against Jackson by Wade Robson and James Safechuck, which were aired in the controversial, Emmy Award-winning documentary Leaving Neverland.","Fiddes befasste sich auch mit Vorwürfen des sexuellen Missbrauchs von Kindern gegen Jackson durch Wade Robson und James Safechuck, die in dem umstrittenen, Emmy-prämierten Dokumentarfilm Leaving Neverland ausgestrahlt wurden.","Fiddes hat auch die Anschuldigungen des sexuellen Kindermissbrauchs von Wade Robson und James Safechuck durch Jackson angesprochen, die in der kontroversen Dokumentation „Leaving Neverland“, die auch einen Emmy gewonnen hat, dargelegt wurden.",0.9733008255524412,,TRUE,FALSE,
Both Robson and Safechuck allege that they were abused by Jackson as children for a number of years.,"Sowohl Robson als auch Safechuck behaupten, dass sie von Jackson als Kinder für eine Reihe von Jahren missbraucht wurden.","Sowohl Robson und Safechuck behaupten, dass die im Kindesalter mehrmals von Jackson missbraucht wurden.",0.9399240443695812,,TRUE,FALSE,
"Fiddes claimed that ""this whole paedophile thing is complete nonsense... the guy had girlfriends and had a legitimate marriage to Lisa Marie [Presley], that was the way he lived his life.""","Fiddes behauptete, dass „diese ganze pädophile Sache völliger Unsinn ist... der Kerl hatte Freundinnen und hatte eine legitime Ehe mit Lisa Marie (Presley), das war die Art, wie er sein Leben lebte.“","Fiddes behauptet: „Dieses ganze Ding mit der Pädophilie ist kompletter Stuss ... der Typ hatte Freundinnen und eine gesetzmäßige Ehe mit Lisa Marie [Presley], so hat er sein Leben gelebt.“",1.0,,TRUE,FALSE,
"He claimed it would have been ""impossible"" for Jackson to have abused children at his Neverland ranch because he was ""hardly"" there.","Er behauptete, es wäre „unmöglich“ für Jackson gewesen, Kinder auf seiner Neverland Ranch missbraucht zu haben, weil er „kaum“ dort war.","Er behauptet, dass es für Jackson „unmöglich“ gewesen wäre, Kinder in seiner Neverland-Ranch zu missbrauche, da er „kaum“ dort war.",1.0,,TRUE,FALSE,
"""They say there were boys around, that was not the case at all,"" he said.","„Sie sagen, es waren Jungen da, das war überhaupt nicht der Fall“, sagte er.","„Sie alle sagen, dass es dort viele Jungs gab, aber das stimmt überhaupt nicht“, sagte er.",1.0,,TRUE,FALSE,
The Jackson estate has denied all allegations against the late star. Jackson denied all claims against him until his death in 2009.,Der Jackson-Nachlass hat alle Vorwürfe gegen den verstorbenen Star bestritten. Jackson bestritt alle Ansprüche gegen ihn bis zu seinem Tod im Jahr 2009.,Die Jackson-Familie verneint alle Anschuldigungen gegen den verstorbenen Star. Jackson verneinte bis zu seinem Tod im Jahr 2009 alle Anschuldigungen gegen ihn.,0.981012458174755,,TRUE,FALSE,
Government Retires 15 More Senior Tax Officials On Graft Charges,<v>Regierung scheidet aus 15 weiteren hohen Steuerbeamten wegen Graft-Gebühren aus</v>,Regierung schickt 15 weitere hochrangige Steuerbeamte wegen Bestechung in den Ruhestand,0.0,,TRUE,FALSE,
New Delhi:,Neu-Delhi:,Neu-Delhi:,1.0,,TRUE,FALSE,
The government has compulsorily retired 15 more tax officers in the fourth tranche of its crackdown on errant officials accused of corruption and other malpractices.,"Die Regierung hat <v>in der vierten Tranche</v> ihres harten Vorgehens gegen <v>irreführende</v> Beamte, die der Korruption und anderer Missbräuche beschuldigt werden, 15 weitere Steuerbeamte zwangsweise in den Ruhestand versetzt.","In der vierten Tranche ihres Vorgehens gegen Beamte, die der Korruption und anderer Vergehen beschuldigt werden, hat die Regierung 15 weitere Steuerbeamte zwangsweise in den Ruhestand versetzt.",0.5467963543236419,,TRUE,FALSE,
"The Central Board of Indirect Taxes and Customs (CBIC) -- the agency that oversees GST and import tax collections -- compulsorily retired 15 senior officers under Fundamental Rule 56 (J) on corruption and other charges, official sources said.","<v>Das Central Board of Indirect Taxes and Customs (CBIC) – die Agentur, die GST und Import-Steuereintreibungen überwacht – zwangsweise im Ruhestand 15 leitende Offiziere nach Fundamental Rule 56 (J) über Korruption und andere Vorwürfe, sagten offizielle Quellen.</v>","Das Central Board of Indirect Taxes and Customs (CBIC) - die Behörde, die die GST- und Importsteuereinnahmen überwacht - hat 15 leitende Beamte gemäß der Fundamental Rule 56 (J) über Korruption und andere Anklagen zwangsweise in den Ruhestand versetzt, so offizielle Quellen.",0.0,,TRUE,FALSE,
"Since June, this is the fourth round of sacking of corrupt tax officials. In the previous three rounds, 49 high ranking tax officers, including 12 from the Central Board of Direct Taxes (CBDT), were compulsorily retired.","Seit Juni ist dies die vierte Runde der Entlassung korrupter Steuerbeamter. In den vorangegangenen drei Runden wurden 49 hochrangige Steuerbeamte, darunter 12 vom Central Board of Direct Taxes (CBDT), zwangsweise in den Ruhestand versetzt.","Dies ist seit Juni die vierte Runde von Entlassungen korrupter Steuerbeamter. In den drei vorangegangenen Runden wurden 49 hochrangige Steuerbeamte, darunter 12 aus dem Central Board of Direct Taxes (CBDT), zwangsweise in den Ruhestand versetzt.",1.0,,TRUE,FALSE,
"Sources said the action was in line with Prime Minister Narendra Modi's address to the nation from the ramparts of the Red Fort when he had said some black sheep in the tax administration may have misused their powers and harassed taxpayers, either by targeting honest assesses or taking excessive action for minor or procedural violations.","Quellen sagten, die Aktion stehe im Einklang mit Premierminister Narendra Modis Ansprache an die Nation von den Wällen des Roten Forts aus, als er sagte, dass einige schwarze Schafe in der Steuerverwaltung ihre Befugnisse missbraucht und die Steuerzahler belästigt haben könnten, entweder indem sie auf ehrliche Bewertungen abzielten oder übermäßige Maßnahmen für geringfügige oder Verfahrensverstöße ergriffen.","Nach Angaben von Quellen stimmte die Aktion mit der Ansprache von Premierminister Narendra Modi an die Nation von den Festungsmauern des Roten Forts überein, als er gesagt hatte, dass einige schwarze Schafe in der Steuerverwaltung ihre Macht missbraucht und die Steuerzahler geschädigt haben könnten, indem sie entweder gegen ehrliche Beurteilungen vorgingen oder wegen geringfügiger oder verfahrenstechnischer Verstöße übertriebene Maßnahmen ergriffen haben.",0.8863589143223566,,TRUE,FALSE,
"""We have recently taken the bold step of compulsorily retiring a significant number of tax officials, and we will not tolerate this type of behaviour,"" he had said.","„Wir haben vor kurzem den mutigen Schritt unternommen, eine beträchtliche Anzahl von Steuerbeamten zwangsweise in den Ruhestand zu schicken, und wir werden diese Art von Verhalten nicht tolerieren“, hatte er gesagt.","„Wir haben kürzlich den mutigen Schritt unternommen, eine beachtliche Anzahl von Steuerbeamten zwangsweise in den Ruhestand zu versetzen, und wir werden diese Art von Verhalten nicht tolerieren“, erklärte er.",1.0,,TRUE,FALSE,
"Nearly half of the officials retired were those who were arrested by the CBI for allegedly receiving illegal gratification. One of them was caught accepting a bribe of Rs 15,000. One official is accused of having assets disproportionate to his known source of income.","Fast die Hälfte der Beamten im Ruhestand waren diejenigen, die von der CBI wegen angeblicher illegaler <v>Befriedigung </v>verhaftet wurden. Einer von ihnen wurde dabei erwischt, wie er ein Bestechungsgeld von 15.000 Rs akzeptierte. Ein Beamter wird beschuldigt, Vermögenswerte zu haben, die unverhältnismäßig zu seiner bekannten Einkommensquelle sind.","Nahezu die Hälfte der pensionierten Beamten waren jene, die vom CBI verhaftet worden waren, weil sie angeblich illegale Zuwendungen erhalten hatten. Einer von ihnen wurde dabei erwischt, wie er ein Bestechungsgeld von 15.000 Rs annahm. Einem Beamten wird vorgeworfen, Vermögen zu besitzen, das in keinem Verhältnis zu seinem bekannten Einkommen steht.",0.7580545882872703,,TRUE,FALSE,
"In June, the government had compulsorily retired 15 commissioner-level officials of CBIC on charges of corruption, collecting and giving bribes, smuggling and even criminal conspiracy. Prior to that, the government had compulsorily retired 12 senior IRS officials from the Income Tax department over charges of corruption, sexual harassment, disproportionate assets under Rule 56 (J) of the Central Civil Services (Pension) Rules.","Im Juni hatte die Regierung 15 Beamte auf Kommissarsebene der CBIC unter dem Vorwurf der Korruption, des Sammelns und Gebens von Bestechungsgeldern, des Schmuggels und sogar der kriminellen Verschwörung zwangsweise in den Ruhestand versetzt. Davor hatte die Regierung 12 hochrangige IRS-Beamte der Einkommenssteuerabteilung wegen Korruptionsvorwürfen, sexueller Belästigung, unverhältnismäßiger Vermögenswerte gemäß Regel 56 (J) der <v>Regeln der Zentralen Zivildienste (Pension) </v>zwangsweise in den Ruhestand versetzt.","Im Juni hatte die Regierung 15 Beamte auf Kommissionsebene des CBIC unter dem Vorwurf der Korruption, des Sammelns und Verteilens von Bestechungsgeldern, des Schmuggels und sogar der kriminellen Verschwörung zwangsweise in den Ruhestand versetzt. Zuvor hatte die Regierung 12 hochrangige Finanzamtsbeamte der Einkommenssteuerabteilung aufgrund von Anklagen wegen Korruption, sexueller Belästigung und unverhältnismäßigen Vermögens, beruhend auf Regel 56 (J) der Central Civil Services (Pension) Rules, zwangsweise in den Ruhestand versetzt.",0.7554012367165177,,TRUE,FALSE,
"In August, the government compulsorily retired 22 CBIC officials. The Rule 56 (J) of Central Civil Services (Pension) Rules, 1972 provides for periodical review of the performance of government servants with a view to ascertain whether they should be retained in service or retired in public interest.","Im August hat die Regierung 22 CBIC-Beamte zwangsweise in den Ruhestand versetzt.Die Regel 56 (J) der Central Civil Services (Pension) Rules, 1972, sieht eine regelmäßige Überprüfung der Leistung von Staatsbediensteten vor, um festzustellen, ob sie im Dienst bleiben oder im öffentlichen Interesse pensioniert werden sollten.","Im August versetzte die Regierung 22 CBIC-Beamte zwangsweise in den Ruhestand. Die Regel 56 (J) der Central Civil Services (Pension) Rules von 1972 sieht eine regelmäßige Überprüfung der Leistung von Regierungsbeamten vor, um festzustellen, ob diese im aktiven Dienst bleiben oder wegen öffentlichen Interesses in den Ruhestand versetzt werden sollten.",0.9388876947835518,,TRUE,FALSE,
"As per these instructions, the cases of government servants covered by FR 56 (J), 56 (1) or Rule 48 (1) (b) of CCS (Pension) Rules, 1972 should be reviewed six months before they attain the age of 50-55 years, in cases covered by FR 56 (j) and on completion of 30 years of qualifying service under FR 56 (1) or Rule 48 of CCS (Pension) Rules, 1972.","Gemäß diesen Anweisungen sollten die Fälle von Staatsbediensteten, die unter FR 56 (J), 56 (1) oder Regel 48 (1) (b) der CCS (Pensions-)Regeln von 1972 fallen, sechs Monate vor ihrem Erreichen des Alters von 50-55 Jahren überprüft werden, in Fällen, die unter FR 56 (j) fallen, und nach Abschluss von 30 Jahren qualifizierten Dienstes nach FR 56 (1) oder Regel 48 der CCS (Pensions-)Regeln von 1972.","Gemäß diesen Anweisungen sollten die Fälle von Regierungsbeamten, die unter FR 56 (J), 56 (1) oder Regel 48 (1) (b) der CCS (Pension) Rules von 1972 fallen, sechs Monate vor dem Erreichen des Alters von 50-55 Jahren überprüft werden, und zwar in den Fällen, die unter FR 56 (j) fallen und nach Abschluss von 30 Jahren qualifizierter Dienstzeit gemäß FR 56 (1) oder Regel 48 der CCS (Pension) Rules von 1972.",0.7307103985715092,,TRUE,FALSE,
A woman in Maine got 500 letters from United Healthcare within five days,Eine Frau in Maine erhielt 500 Briefe von United Healthcare innerhalb von fünf Tagen,Eine Frau in Maine erhielt innerhalb von fünf Tagen 500 Briefe von United Healthcare,1.0,,TRUE,FALSE,
Stephanie Lay said she found the piles of letters from the insurance company stashed in her mailbox between Thursday and Monday.,"Stephanie Lay sagte, sie fand die Stapel von Briefen von der Versicherungsgesellschaft zwischen Donnerstag und Montag in ihrem Briefkasten verstaut.","Stephanie Lay gab an, sie habe die Stapel von Briefen von der Versicherungsgesellschaft zwischen Donnerstag und Montag in ihrem Briefkasten gefunden.",0.9728049178668036,,TRUE,FALSE,
"""A week ago Thursday was the first wave of letters, I got 46 letters,"" she told CNN. ""I immediately called United Healthcare insurance and told them I received 46 letters of the same letter.""","„Vor einer Woche war Donnerstag die erste Welle von Briefen, ich bekam 46 Briefe“, sagte sie CNN. „Ich rief sofort die United Healthcare Versicherung an und sagte ihnen, dass ich 46 Briefe desselben Briefes erhalten habe.“","„Am Donnerstag vor einer Woche kam die erste Welle von Briefen, ich erhielt 46 Briefe“, sagte sie gegenüber CNN. „Ich rief daraufhin sofort bei der Versicherungsgesellschaft United Healthcare an und teilte ihnen mit, dass ich 46 Exemplare desselben Briefes erhalten hatte.“",0.8089798142866568,,TRUE,FALSE,
"And the letters just kept coming, piling up to more than 500 by Monday.",Und die Briefe kamen immer wieder und häuften sich bis Montag auf mehr als 500.,"Und es kamen immer mehr Briefe, bis Montag mehr als 500.",1.0,,TRUE,FALSE,
"They were addressed to her son, who has autism and lives in a private care facility, she said. But instead of her son's name inside when you opened them, the letters said Dear Maine's Department of Health and Human Services -- in Cincinnati, she told local media.","Sie richteten sich an ihren Sohn, der Autismus hat und in einer privaten Pflegeeinrichtung lebt, sagte sie. Aber anstelle des Namens ihres Sohnes im Inneren, als <v>Sie</v> sie öffneten, sagten die Briefe, <v>Dear Maines Department of Health and Human Services – in Cincinnati</v>, sagte sie den lokalen Medien.","Sie seien an ihren Sohn adressiert, der an Autismus leidet und in einer privaten Pflegeeinrichtung lebt, sagte sie. Aber als Sie die Briefe öffnete, stand darin nicht der Name ihres Sohnes, sondern sie waren an das Gesundheitsministerium von Maine gerichtet, in Cincinnati, wie sie den lokalen Medien sagte.",0.4590841127869702,,TRUE,FALSE,
"The letters were about a $54 or $0 healthcare claim that United Healthcare said is not covered, Lay said.","In den Briefen ging es um eine <v>Gesundheitsbehauptung </v>in Höhe von 54 Dollar oder 0 Dollar, von der United Healthcare sagte, dass sie nicht abgedeckt sei, sagte Lay.","In den Briefen ging es um eine Gesundheitsleistung zwischen 0 und 54 US-Dollar, die laut United Healthcare nicht übernommen wird, sagte Lay.",0.6311407829909415,,TRUE,FALSE,
"When she asked United Healthcare why she was receiving a mountain of letters, she was told it was a coding issue, she said.","Als sie United Healthcare fragte, warum sie einen Berg von Briefen erhielt, wurde ihr gesagt, dass es ein Programmierproblem sei, sagte sie.","Als sie United Healthcare fragte, warum sie einen Berg von Briefen erhalten habe, wurde ihr gesagt, dass es sich um ein Codierungsproblem handele, sagte sie.",0.921270836821782,,TRUE,FALSE,
"In a statement, United Healthcare told CNN it's working to resolve the issue but it cannot provide details due to privacy requirements.","In einer Erklärung sagte United Healthcare CNN, dass es daran arbeite, das Problem zu lösen, aber es könne keine Details aufgrund von Datenschutzanforderungen angeben.","In einer Erklärung teilte United Healthcare CNN mit, dass man an einer Lösung des Problems arbeite, aber aufgrund von Datenschutzanforderungen keine Einzelheiten nennen könne.",0.9793491378756242,,TRUE,FALSE,
"""We have determined the cause of the problem. We are very sorry this occurred, and we have contacted the family to discuss the situation with them,"" the health insurer said.","„Wir haben die Ursache des Problems ermittelt. Es tut uns sehr leid, dass dies geschehen ist, und wir haben die Familie kontaktiert, um die Situation mit ihnen zu besprechen“, sagte der Krankenversicherer.","„Wir haben die Ursache des Problems ermittelt. Es tut uns sehr leid, dass das passiert ist, und wir haben uns mit der Familie in Verbindung gesetzt, um die Situation gemeinsam zu besprechen“, sagte der Versicherer.",0.9943479085188812,,TRUE,FALSE,
"Lay said the letters all have a message at the bottom urging people to go paperless. "" I'm thinking they had to take down half of a forest just to send this,"" she said.","Lay sagte, dass die Briefe alle eine Botschaft an der Unterseite haben, die die Menschen auffordert, papierlos <v>zu gehen</v>. „Ich denke, sie mussten die Hälfte eines Waldes abreißen, nur um dies zu senden“, sagte sie.","Lay sagte, die Briefe hätten alle am Ende eine Botschaft, welche die Menschen dazu auffordert, papierlos zu arbeiten. „ Ich denke, ein halber Wald musste abgeholzt werden, nur um das zu senden“, sagte sie.",0.603053572330043,,TRUE,FALSE,
Antonio Brown says he's not quite ready for retirement,"Antonio Brown sagt, er sei noch nicht ganz bereit für den Ruhestand","Antonio Brown sagt, dass er noch nicht bereit ist, zurückzutreten",1.0,,TRUE,FALSE,
"Antonio Brown has indicated he's not retiring from the NFL, only a few days after announcing he was done with the league in a Twitter rant.","Antonio Brown hat angedeutet, dass er nicht aus der NFL ausscheidet, nur ein paar Tage nachdem er bekannt gegeben hatte, dass er mit der Liga in einem Twitter-Rant fertig war.","Antonio Brown hat nur wenige Tage, nachdem er in einer Schimpftirade auf Twitter gesagt hat, er sei mit der Liga fertig, angedeutet, dass er die NFL nicht verlassen wird.",0.7050849429359262,,TRUE,FALSE,
"The four-time All-Pro wide receiver wrote on Twitter on Thursday: ""I'm still the best why stop now."" He followed with the suggestion that the game needs him.","Der viermalige All-Pro Wide Receiver schrieb am Donnerstag auf Twitter: „Ich bin immer noch der beste, warum jetzt aufhören.“ Er <v>folgte</v> mit dem Vorschlag, dass das Spiel ihn braucht.","Der viermalige All-Pro Wide Receiver schrieb am Donnerstag auf Twitter: „Ich bin immer noch der Beste, warum jetzt aufhören.“ Des Weiteren behauptete er, dass das Spiel ihn brauche.",0.7218578037381058,,TRUE,FALSE,
Brown has been accused of sexual misconduct by two women. He was released by the New England Patriots last week after playing only one game. He's been dumped by three teams in the last six months.,"Brown wurde von zwei Frauen des sexuellen Fehlverhaltens beschuldigt. Er wurde letzte Woche von den New England Patriots entlassen, nachdem er nur ein Spiel gespielt hatte. Er wurde in den letzten sechs Monaten von drei Teams entlassen.",Brown wurde von zwei Frauen des sexuellen Fehlverhaltens beschuldigt. Er wurde letzte Woche von den New England Patriots nach nur einem Spiel wieder entlassen. In den letzte sechs Monaten wurde er von drei Mannschaften rausgeworfen.,0.993067042123094,,TRUE,FALSE,
"Brown, who lost Nike as a sponsor last week, says he'll practice at high schools one day a week, starting in Miami.","Brown, der Nike letzte Woche als Sponsor verloren hat, sagt, er werde an einem Tag in der Woche an High Schools üben, beginnend in Miami.","Brown, der letzte Woche seinen Sponsor Nike verlor, sagte, dass er ein Mal pro Woche an einer High School trainieren würde, anfangs in Miami.",0.9252564224826016,,TRUE,FALSE,
"The 31-year-old Brown also engaged in a Twitter spat with Los Angeles Rams safety Eric Weddle, who faced him often with the Baltimore Ravens.","<v>Der 31-jährige Brown beteiligte sich auch an einem Twitter-Spuck mit den Los Angeles Rams Sicherheit Eric Weddle, der ihn oft mit den Baltimore Ravens konfrontiert.</v>","Der 31-jährige Brown geriet auf Twitter auch mit dem Safety Eric Weddle von den Los Angeles Rams aneinander, die beiden standen sich oft gegenüber, als Brown für die Baltimore Ravens spielte.",0.0,,TRUE,FALSE,
HSBC flips crime-spotting tool to scope new business,"HSBC <v>schwenkt</v> Crime-Spotting-Tool, um neue Geschäftsfelder zu erschließen",HSBC zweckentfremdet ihr Instrument zur Verbrechensbekämpfung um neue Geschäfte zu erschließen,0.7324283271212131,,TRUE,FALSE,
"British bank HSBC (HSBA.L) has converted a financial crime-spotting algorithm it was forced to build in the wake of a money-laundering scandal into one that can scope out new business opportunities, bank executives said.","Die britische Bank HSBC (HSBA.L) hat einen Algorithmus zur Ermittlung von Finanzkriminalität, den sie im Gefolge eines Geldwäscheskandals aufbauen musste, in einen Algorithmus umgewandelt, der neue Geschäftsmöglichkeiten erschließen kann, sagten Bankmanager.","Die britische Bank HSBC (HSBA.L) hat einen Algorithmus zur Aufspürung von Finanzkriminalität, den sie im Zuge eines Geldwäscheskandals entwickeln musste, in einen Algorithmus verwandelt, der neue Geschäftsmöglichkeiten eröffnen kann, so die Bankleitung.",0.9238673907281773,,TRUE,FALSE,
"The system combines data on clients"" banking activities, with public data on company ownership and directorships, to flag desirable potential clients to HSBC staff and offer ways to connect to them through existing relationships.","Das System kombiniert Daten über die Bankaktivitäten der Kunden mit öffentlichen Daten über Unternehmenseigentum und Direktorien, um wünschenswerte potenzielle Kunden den HSBC-Mitarbeitern anzuzeigen und Möglichkeiten zu bieten, sich über bestehende Beziehungen mit ihnen zu verbinden.","Dazu werden vom System Daten aus den Bankgeschäften der Kunden mit öffentlichen Daten zu Firmenbesitz und Direktorenposten kombiniert, um für die Mitarbeiter der HSBC potenzielle Kunden zu identifizieren und gleichzeitig Wege zu schaffen, über bestehende Beziehungen mit ihnen in Verbindung zu treten.",0.7848683559284597,,TRUE,FALSE,
"Using data and artificial intelligence to try and boost revenues is part of HSBC's broader push to squeeze more out of its large physical network and client data, a key priority for interim Chief Executive Noel Quinn.","Die Nutzung von Daten und künstlicher Intelligenz, um den Umsatz zu steigern, ist Teil des umfassenderen Vorstoßes von HSBC, mehr aus seinem großen physischen Netzwerk und seinen Kundendaten herauszuholen, eine wichtige Priorität für Interims-Chef Noel Quinn.","Die Weiterverwendung von Daten und die Nutzung künstlicher Intelligenz zur Steigerung der Geschäftserträge ist Teil der umfassenderen Bemühungen der HSBC, mehr aus ihrem großen physischen Netzwerk und ihren Kundendaten herauszuholen, und für den Interim-Chef der Bank, Noel Quinn, oberste Priorität.",0.9655883672067525,,TRUE,FALSE,
"""It's one of the first commercial uses of investment in financial crime prevention, and the business we're getting in this way is inherently lower risk and quicker to win,"" said Stuart Nivison, HSBC's global head of client network banking.","„Es ist eine der ersten kommerziellen Verwendungen von Investitionen in die Prävention von Finanzkriminalität, und das Geschäft, das wir auf diese Weise bekommen, ist von Natur aus geringeres Risiko und schneller zu gewinnen“, sagte Stuart Nivison, HSBC Global Head of Client Network Banking.","„Dabei handelt es sich um eine der ersten kommerziellen Nutzungen von Investitionen in die Prävention von Finanzkriminalität, und die Geschäfte, die wir auf diese Weise gewinnen, sind von Natur aus risikoärmer und schneller zugänglich“, so Stuart Nivison, der globale Leiter des Kundennetzwerkbankgeschäfts von HSBC.",0.8616557335380681,,TRUE,FALSE,
"HSBC declined to comment on how much it expects to make from the new system but said the broader ""network income"" initiative has already yielded hundreds of millions of dollars in additional revenue.","HSBC lehnte es ab, zu kommentieren, wie viel es <v>von dem neuen System zu machen</v> erwartet, sagte aber, dass die breitere „Netzwerkeinkommen“-Initiative bereits Hunderte von Millionen Dollar an zusätzlichen Einnahmen erbracht hat.","Die Bankleitung von HSBC lehnte es ab, sich dazu zu äußern, wie viel man sich von dem neuen System erhofft, sagte aber, dass die Initiative „Netzwerkeinnahmen“ im weiteren Sinne bereits Hunderte von Millionen Dollar an Zusatzeinnahmen gebracht hat.",0.7547669101967951,,TRUE,FALSE,
The drive is an important part of the bank's efforts to defend its global presence at a time when some analysts and investors are saying it should shrink or exit markets like the United States where it makes returns below its cost of capital.,"Die Initiative ist ein wichtiger Teil der Bemühungen der Bank, ihre globale Präsenz zu einer Zeit zu verteidigen, in der einige Analysten und Investoren sagen, dass sie Märkte wie die Vereinigten Staaten schrumpfen oder verlassen sollte, wo sie Renditen unter ihren Kapitalkosten erzielt.","Die Initiative gehört als wichtiger Teil zu den Bemühungen der Bank, ihre globale Marktpräsenz zu verteidigen, zu einer Zeit, in der diverse Analysten und Investoren mutmaßen, dass diese im Schrumpfen begriffen ist oder empfehlen, Märkte wie die USA, wo sie Renditen unterhalb ihrer Kapitalkosten erzielt, zu verlassen.",0.8319773380301609,,TRUE,FALSE,
HSBC was forced to invest hundreds of millions of dollars in financial crime compliance as part of a $1.9 billion settlement in 2012 with U.S. authorities over the bank's failure to prevent money laundering by drug cartels though its Mexican unit.,"HSBC war gezwungen, Hunderte von Millionen Dollar in die <v>Einhaltung von Finanzkriminalität</v> zu investieren, als Teil eines Vergleichs von 1,9 Milliarden Dollar im Jahr 2012 mit den US-Behörden wegen des Versäumnisses der Bank, Geldwäsche durch Drogenkartelle durch ihre mexikanische Einheit zu verhindern.","HSBC war im Rahmen einer Einigung mit US-Behörden im Jahr 2012 über 1,9 Milliarden Dollar Bußgeld wegen des Versäumnisses der Bank, die Geldwäsche durch Drogenkartelle über ihre mexikanische Niederlassung zu verhindern, gezwungen gewesen, Hunderte von Millionen Dollar in die normgerechte Bekämpfung von Finanzkriminalität zu investieren.",0.6339876035208059,,TRUE,FALSE,
"The system works by mapping individual customers"" and companies ties to each other and then looking for unusual patterns of transactions or unearthing previously unknown connections between those entities.","Das System funktioniert, indem es einzelne Kunden abbildet"" und Unternehmen miteinander verknüpft und dann nach ungewöhnlichen Transaktionsmustern sucht oder bisher unbekannte Verbindungen zwischen diesen <v>Unternehmen</v> aufdeckt.","Das System ist in der Lage, einzelnen Kunden und Unternehmen miteinander in Verbindung zu bringen und dann auf ungewöhnliche Transaktionsmuster hin zu durchsuchen oder bisher unbekannte Verbindungen zwischen den einzelnen Entitäten aufzudecken.",0.6394077507767366,,TRUE,FALSE,
"That system has already freed up more than 400 staff to go from manually checking transactions and records to client-facing roles where they can spend time helping customers, said Adrian Rigby, chief operating officer of HSBC's trade business.","Dieses System hat bereits mehr als 400 Mitarbeiter freigesetzt, um von der manuellen Prüfung von Transaktionen und Aufzeichnungen zu kundenorientierten Rollen zu wechseln, in denen sie Zeit damit verbringen können, Kunden zu helfen, sagte Adrian Rigby, Chief Operating Officer des Handelsgeschäfts von HSBC.","Dieses System hat bereits mehr als 400 Mitarbeiter von einer manuellen Überprüfung von Transaktionen und Aufzeichnungen befreit, um in kundenorientierte Funkionen wechseln zu können, wo sie ihre Zeit damit verbringen können, Kunden zu helfen, sagte Adrian Rigby, Handelsbetriebsleiter von HSBC.",0.9077603327763796,,TRUE,FALSE,
"HSBC's Nivison said the lightbulb moment was realizing the tool could be repurposed to look for ""green flags"" of attractive potential clients rather than ""red flags"" of wrongdoing.","Nivison von HSBC sagte, dass der <v>Glühbirnenmoment erkennen würde</v>, dass das Tool umfunktioniert werden könnte, um nach „grünen Flaggen“ attraktiver potenzieller Kunden zu suchen, anstatt nach „roten Flaggen“ von Fehlverhalten.","Nivison von HSBC sagte, dass ihnen eines Tages die Eingebung kam, dass sie das Tool neu ausrichten könnten, um vielversprechende und potenzielle Neukunden („grüne Flaggen“) zu identifizieren, anstatt sich lediglich auf Fehlverhalten („rote Flaggen“) zu konzentrieren.",0.5878830042824943,,TRUE,FALSE,
"""We took our customer dataset and combined it with (Britain's) Companies House data and turned the algorithm around to look for attractiveness in a client, whether that be through sector, growth of the company, and connection to existing clients,"" Nivison said.","„Wir nahmen unseren Kundendatensatz und kombinierten ihn mit (Großbritanniens) Companies House-Daten und <v>dreht</v>en den Algorithmus um, um nach Attraktivität bei einem Kunden zu suchen, sei es durch Sektor, Wachstum des Unternehmens und Verbindung zu bestehenden Kunden“, sagte Nivison.","„Wir haben unseren Kundendatensatz mit den Daten des Unternehmensregisters (von Großbritannien) kombiniert und den Algorithmus dahingehend verändert, um Kunden nach ihrem Geschäftspotenzial filtern zu können, sei es innerhalb eines bestimmten Sektors, entsprechend dem Unternehmenswachstum oder mithilfe ihrer Verbindung zu bestehenden Kunden“, erklärt Nivison.",0.6639851448073195,,TRUE,FALSE,
"The tool has mapped 22.5 million entities and people in Britain, and can identify in three minutes a network of connections that a staff member would have taken three hours to map out manually, he said.","Das Tool hat 22,5 Millionen Entitäten und Menschen in Großbritannien <v>kartiert</v> und kann in drei Minuten ein Netzwerk von Verbindungen identifizieren, die ein Mitarbeiter drei Stunden gebraucht hätte, um manuell zu <v>kartieren</v>, sagte er.","Das Tool hat 22,5 Millionen juristische und natürliche Personen in Großbritannien erfasst und kann innerhalb von nur drei Minuten ein Netzwerk von Verbindungen identifizieren, was einen einzelnen Mitarbeiter drei Stunden manuelle Arbeit gekostet hätte, sagte er.",0.4886531391521529,,TRUE,FALSE,
"Iran was promised that 'all' US sanctions would be lifted in return for talks, Rouhani claims","Dem Iran wurde versprochen, dass „alle“ US-Sanktionen im Gegenzug für Gespräche aufgehoben würden, behauptet Rouhani","Rouhani behauptet: Ihm wurde versprochen, als Gegenleistung für Gespräche „alle“ USA-Sanktionen für den Iran aufzuheben",1.0,,TRUE,FALSE,
"European nations were so eager to negotiate with Iran that they suggested the US would end its sanctions regime if Tehran was willing to engage in dialogue, President Hassan Rouhani has said.","Die europäischen Nationen waren so begierig darauf, mit dem Iran zu verhandeln, dass sie nahelegten, dass die USA ihr Sanktionsregime beenden würden, wenn Teheran zu einem Dialog bereit wäre, sagte Präsident Hassan Rouhani.","Europäische Länder strebten derart nach Verhandlungen mit dem Iran, dass sie vorschlugen, dass die USA ihre Sanktionen aufheben würden, wenn Teheran sich zu einem Dialog bereit erklären würde, sagte der Präsident Hassan Rouhani.",0.8502961455323048,,TRUE,FALSE,
"According to Rouhani, European signatories of the 2015 nuclear deal urged him to meet with US President Donald Trump, promising that Washington would lift ""all"" sanctions in return.","Laut Rohani drängten ihn die europäischen Unterzeichner des Atomabkommens von 2015 zu einem Treffen mit US-Präsident Donald Trump und versprachen, dass Washington im Gegenzug „alle“ Sanktionen aufheben würde.","Laut Rouhani drängten ihn europäische Unterzeichnerstaaten der Nuklearvereinbarung von 2015 zu einem Treffen mit dem amerikanischen Präsidenten Donald Trump, und versprachen, dass Washington in Gegenzug „alle“ Sanktionen aufheben würden.",0.8568403655411255,,TRUE,FALSE,
"""Three out of the six countries, that is the chancellor of Germany, prime minister of Britain, and president of France, all insisted for the meeting to be held, saying that the US would lift all sanctions,"" stated the Iranian president.","„Drei der sechs Länder, also <v>der Kanzler</v> Deutschlands, der Premierminister Großbritanniens und der Präsident Frankreichs, bestanden alle darauf, dass das Treffen abgehalten wird, und sagten, dass die USA alle Sanktionen aufheben würden“, erklärte der iranische Präsident.","„Drei der sechs Länder, d. h. die Kanzlerin von Deutschland, der britische Premierminister und der Präsident von Frankreich, bestanden darauf, dass das Treffen abgehalten werden solle, und sagten, dass die USA alle Sanktionen aufheben würden“, erklärte der iranische Präsident.",0.8399503577712352,,TRUE,FALSE,
"He said he rejected the proposal because, ""under sanctions and maximum pressure,"" it would have been impossible to predict the end result of any negotiations.","Er sagte, er lehne den Vorschlag ab, weil es „unter Sanktionen und maximalem Druck“ unmöglich gewesen wäre, das Endergebnis irgendwelcher Verhandlungen vorherzusagen.","Er sagte, dass er diesen Vorschlag abgelehnt habe, da es unmöglich gewesen wäre, „unter Sanktionen und maximalem Druck“ das Endergebnis jeglicher Verhandlungen vorherzusagen.",1.0,,TRUE,FALSE,
"Trump quickly denied that he had offered Iran any relief, tweeting that Tehran had asked him to lift sanctions as a prerequisite to talks, but that he had ""of course"" refused.","Trump bestritt schnell, dass er dem Iran irgendeine Erleichterung angeboten habe und twitterte, Teheran habe ihn gebeten, die Sanktionen als Voraussetzung für Gespräche aufzuheben, aber er habe sich „selbstverständlich“ geweigert.","Trump verneinte schnell, dass er dem Iran jegliche Entlastungen angeboten habe, und schrieb auf Twitter, dass der Teheran ihn als Voraussetzung für Gespräche darum gebeten hätte, die Sanktionen aufzuheben, er dies aber „natürlich“ abgelehnt habe.",0.9879275949176825,,TRUE,FALSE,
"In his statement, Rouhani also said that numerous countries were on Iran's side during their one-on-one talks on the sidelines of the UNGA. ""We discussed various issues with various countries, and all of them condemned the United States"" withdrawal from the JCPOA and its pressures. This is a huge success for Iran.""","In seiner Erklärung sagte Rohani auch, dass zahlreiche Länder während ihrer Einzelgespräche am Rande der <v>UNGA</v> auf der Seite des Iran standen. „Wir haben verschiedene Themen mit verschiedenen Ländern diskutiert, und alle von ihnen verurteilten den Rückzug der Vereinigten Staaten aus dem <v>JCPOA</v> und <v>seinen</v> Druck. Dies ist ein großer Erfolg für den Iran.“","In seiner Stellungnahme sagte Rouhani zudem, dass eine Vielzahl von Ländern sich während der Einzelgespräche am Rande der Generalversammlung der Vereinigten Nationen auf die Seite des Iran positioniert hätten. „Wir haben unterschiedliche Probleme mit unterschiedlichen Ländern diskutiert, und alle von ihnen verurteilen den Ausstieg der USA aus der JCPOA und den von den USA ausgeübten Druck. Das ist ein großer Erfolg für den Iran.“",0.4200686315836802,,TRUE,FALSE,
Dog control laws to be reviewed in government consultation,Hundekontrollgesetze sollen in Regierungskonsultationen überprüft werden,Hundekontrollgesetze werden in Bürgerbefragung überprüft,0.9636421996176028,,TRUE,FALSE,
Dog control laws in Scotland are being reviewed amid concerns about out-of-control animals and irresponsible owners.,Die Hundekontrollgesetze in Schottland werden angesichts der Besorgnis über außer Kontrolle geratene Tiere und verantwortungslose Besitzer überprüft.,Hundekontrollgesetze in Schottland werden wegen Bedenken über außer Kontrolle geratene Tiere und unverantwortliche Besitzer überprüft.,1.0,,TRUE,FALSE,
A consultation has been launched by the Scottish Government seeking the public's views.,"Die schottische Regierung hat eine Konsultation eingeleitet, um die Meinung der Öffentlichkeit einzuholen.","Eine Befragung wurde von der schottischen Regierung eingeleitet, um die Meinungen der Bürger einzuholen.",0.9225537858124288,,TRUE,FALSE,
"Scotland's Community Safety Minister pledged to ""keep communities safe from irresponsible owners,"" with reviews to determine whether laws for out-of-control dogs need changing.","Schottlands Sicherheitsminister versprach, „Gemeinschaften vor verantwortungslosen Besitzern zu schützen“, mit Überprüfungen, um festzustellen, ob Gesetze für außer Kontrolle geratene Hunde geändert werden müssen.","Die schottische Ministerin für kommunale Sicherheit versprach, die „Bevölkerung vor unverantwortlichen Besitzern zu schützen“, indem überprüft wird, ob die Gesetze für außer Kontrolle geratene Hunde geändert werden müssen.",0.5595760918084663,,TRUE,FALSE,
"Ash Denham MSP said: ""We are holding two reviews into dog control legislation because we are absolutely determined to help keep communities safe from irresponsible owners and their out-of-control dogs.","Ash Denham MSP sagte: ""Wir führen zwei Überprüfungen der Hundekontrollgesetzgebung durch, weil wir absolut entschlossen sind, dazu beizutragen, Gemeinden vor verantwortungslosen Besitzern und ihren außer Kontrolle geratenen Hunden zu schützen.","Die Parlamentsabgeordnete Ash Denham sagte: „Wir führen zwei Überprüfungen der Hundekontrollgesetze durch, weil wir entschlossen sind, die Bevölkerung vor unverantwortlichen Besitzern und außer Kontrolle geratenen Hunden zu schützen.",0.8605662476760568,,TRUE,FALSE,
"""This consultation seeks views on improvements on how the Control of Dogs Act 2010 can operate across Scotland, and next year we will take a wider look at all dog control legislation to assess whether changes are needed.","„Diese Konsultation sucht nach Ansichten über Verbesserungen, wie der Control of Dogs Act 2010 in ganz Schottland funktionieren kann, und im nächsten Jahr werden wir alle Rechtsvorschriften zur Hundekontrolle eingehender prüfen, um zu beurteilen, ob Änderungen erforderlich sind.","Diese Befragung versucht Meinungen zu möglichen Verbesserungen des Hundekontrollgesetzes von 2010 in ganz Schottland einzuholen und nächstes Jahr sehen wir uns alle Hundekontrollgesetze an, um festzustellen, ob Veränderungen notwendig sind.",0.7143278453626517,,TRUE,FALSE,
"""Owning a dog brings with it certain responsibilities, including keeping your dog under effective control, and I encourage everyone with an interest in this area to respond to our consultation.""","„Der Besitz eines Hundes bringt bestimmte Verantwortlichkeiten mit sich, einschließlich der effektiven Kontrolle Ihres Hundes, und ich ermutige alle, die Interesse an diesem Bereich haben, auf unsere Konsultation zu reagieren.“","„Einen Hund zu haben bringt eine gewisse Verantwortung mit sich, inklusive seinen Hund unter Kontrolle zu haben, und ich rufe jeden mit Interesse an diesem Thema dazu auf, an unserer Befragung teilzunehmen.“",0.6794323181026867,,TRUE,FALSE,
"The consultation runs until January 15 and contains proposals to toughen and clarify the current legislation, including questioning whether a national dog control database should be created.","Die Konsultation läuft bis zum 15. Januar und enthält Vorschläge zur Verschärfung und Klarstellung der geltenden Rechtsvorschriften, einschließlich der Frage, ob eine nationale Hundekontrolldatenbank geschaffen werden sollte.","Die Befragung läuft bis zum 15. Januar und enthält Vorschläge zur Verschärfung und Klarstellung der aktuellen Gesetzgebung, inklusive der Frage, ob eine landesweite Datenbank zur Kontrolle von Hunden eingerichtet werden soll.",0.8808328093338537,,TRUE,FALSE,
"The Scottish Parliament's Post-Legislative Scrutiny Committee has been hearing evidence from victims and parents of children who have been attacked or killed by dogs, prompting the Government to review dog control laws.","Das Post-Legislative Scrutiny Committee des schottischen Parlaments hat Beweise von Opfern und Eltern von Kindern gehört, die von Hunden angegriffen oder getötet wurden, was die Regierung veranlasste, die Hundekontrollgesetze zu überprüfen.","Der Untersuchungsausschuss zu bestehenden Gesetzen des schottischen Parlaments hat Opfer und Eltern von Kindern angehört, die von Hunden angegriffen oder getötet wurden, was zu einer Überprüfung der Hundekontrollgesetze durch die Regierung führte.",0.800044207947456,,TRUE,FALSE,
MSPs were told the legislation needs urgent reform to protect vulnerable people and children.,"Den MSPs wurde gesagt, dass die Gesetzgebung dringend reformiert werden muss, um schutzbedürftige Menschen und Kinder zu schützen.","Den Abgeordneten wurde gesagt, dass dieses Gesetz dringt überarbeitet werden muss, um gefährdete Menschen und Kinder zu schützen.",0.9225537858124288,,TRUE,FALSE,
"The committee heard that, in Greater Glasgow and Clyde alone, there were 1,417 people arriving at A&E departments with dog-related injuries, 255 of them children, last year.","Der Ausschuss hörte, dass allein im Großraum Glasgow und Clyde im vergangenen Jahr 1.417 Menschen mit hundebedingten Verletzungen in den <v>A & E-Abteilungen</v> ankamen, 255 davon Kinder.","Dem Ausschuss wurde zugetragen, dass letztes Jahr allein im Großraum Glasgow und Clyde 1.417 Bürger, 255 davon Kinder, mit von Hunden verursachten Verletzungen in die Notaufnahme eingeliefert worden waren.",0.5164668891059409,,TRUE,FALSE,
"NHS Lanarkshire treated 912 people and NHS Ayrshire 439, both four-year highs.","NHS Lanarkshire behandelte 912 Menschen und NHS Ayrshire 439, beides Vier-Jahres-Hochs.","Im Bereich des Gesundheitsdienstes NHS Lanarkshire wurden 912 Bürger behandelt, bei der NHS Ayrshire waren es 439, beides jeweils Höchstwerte der letzten vier Jahre.",0.8006767706208572,,TRUE,FALSE,
"In July, the committee's MSPs concluded current dog control legislation is not fit for purpose and called on the Scottish Government to undertake a comprehensive review of all dog-control laws.","Im Juli kamen die MSPs des Ausschusses zu dem Schluss, dass die geltenden Hundekontrollgesetze nicht zweckdienlich sind, und forderten die schottische Regierung auf, eine umfassende Überprüfung aller Hundekontrollgesetze vorzunehmen.","Im Juli beschlossen die Abgeordneten des Ausschusses, dass die aktuellen Hundekontrollgesetze nicht den Anforderungen genügen und riet der schottischen Regierung eine umfassende Überprüfung aller Hundekontrollgesetze einzuleiten.",0.8814653720072549,,TRUE,FALSE,
"Convener Jenny Marra said: ""Dog law in Scotland is not fit for purpose. There are still far too many dog attacks on children and little enforcement or understanding of the current laws that might prevent these attacks.","Convener Jenny Marra sagte: ""Hundegesetz in Schottland ist nicht zweckdienlich. Es gibt immer noch viel zu viele Hundeangriffe auf Kinder und wenig Durchsetzung oder Verständnis der aktuellen Gesetze, die diese Angriffe verhindern könnten.","Die Vorsitzende Jenny Marra sagte: „Die Hundegesetze in Schottland genügen nicht den Anforderungen. Es gibt immer noch zu viele Hundeangriffe auf Kinder und die momentanen Gesetze, die solche Angriffe verhindern könnten, werden entweder nicht durchgesetzt oder treffen auf wenig Verständnis.",0.5061694566309807,,TRUE,FALSE,
"""It has become clear that current dog control law doesn't work. It needs reform urgently so that out of control and dangerous dogs can be dealt with properly and we can try to move to a system that prevents our children being injured by dogs.""","„Es ist klar geworden, dass das geltende Hundekontrollgesetz nicht funktioniert. Es muss dringend reformiert werden, damit außer Kontrolle geratene und gefährliche Hunde richtig behandelt werden können und wir versuchen können, zu einem System überzugehen, das verhindert, dass unsere Kinder von Hunden verletzt werden.“","„Es ist klar geworden, dass die zurzeit gültigen Hundekontrollgesetze nicht funktionieren. Diese Gesetze müssen dringend überarbeitet werden, damit mit gefährlichen und außer Kontrolle geratenen Hunden richtig umgegangen wird und wir ein System implementieren können, das unsere Kinder vor Verletzungen durch Hunde schützt.“",0.9662955511883556,,TRUE,FALSE,
"The consultation, launched on the Government's website on Friday, says: ""Effective and consistent enforcement across Scotland is fundamental in helping address issues relating to out-of-control dogs.","Die Konsultation, die am Freitag auf der Website der Regierung gestartet wurde, sagt: ""Wirksame und konsequente Durchsetzung in ganz Schottland ist von grundlegender Bedeutung, wenn es darum geht, Probleme im Zusammenhang mit außer Kontrolle geratenen Hunden anzugehen.","In der am Freitag auf der Webseite der Regierung gestarteten Konsultation heißt es: „Eine effektive und konsequente Durchsetzung in ganz Schottland ist von grundlegender Bedeutung, um die Probleme mit außer Kontrolle geratenen Hunden anzugehen.",0.9472824004505882,,TRUE,FALSE,
"""This review is focused on steps that can be taken to help aid enforcement agencies such as local authorities, as they use their powers to help keep communities safe.""","„Diese Überprüfung konzentriert sich auf Maßnahmen, die ergriffen werden können, um Durchsetzungsbehörden wie lokalen Behörden <v>zu helfen, da sie ihre Befugnisse nutzen, um Gemeinden zu schützen</v>.“","Diese Überprüfung versucht Schritte zu finden, die unternommen werden können, um den Behörden zu helfen, während sie versuchen die Bürger zu beschützen.“",0.5530042633201588,,TRUE,FALSE,
"Saudi Arabia To Offer Tourist Visas For First Time, Abolish Abaya Rule",Saudi-Arabien bietet erstmals Touristenvisa an und hebt die Abaya-Regel auf,"Saudi-Arabien stellt erstmals Touristenvisa aus, schafft Abaya-Regel ab",1.0,,TRUE,FALSE,
"Visas in Saudi are currently restricted to expat workers, their dependents and Muslim pilgrims.","Visa in Saudi-Arabien sind derzeit auf Expat-Arbeiter, ihre Angehörigen und muslimische Pilger beschränkt.","Derzeit sind Visa in Saudi-Arabien auf Expat-Arbeiter, ihre Angehörigen und muslimische Pilger beschränkt.",1.0,,TRUE,FALSE,
"Saudi Arabia said Friday it will offer tourist visas for the first time, opening up the ultra-conservative kingdom to holidaymakers as part of a push to diversify its economy away from oil.","Saudi-Arabien sagte am Freitag, es werde zum ersten Mal Touristenvisa anbieten und das ultrakonservative Königreich für Urlauber öffnen, als Teil eines Vorstoßes zur Diversifizierung seiner Wirtschaft weg vom Öl.","Saudi-Arabien sagte am Freitag, es werde zum ersten Mal Touristenvisa anbieten und damit das ultrakonservative Königreich für Urlauber öffnen, als Teil eines Vorstoßes zur Diversifizierung seiner Volkswirtschaft weg vom Öl.",0.9426388930519224,,TRUE,FALSE,
Kickstarting tourism is one of the centrepieces of Crown Prince Mohammed bin Salman's Vision 2030 reform programme to prepare the biggest Arab economy for a post-oil era.,"Die Ankurbelung des Tourismus ist eines der Kernstücke von Kronprinz Mohammed bin Salmans Reformprogramm Vision 2030, um die größte arabische Wirtschaft auf eine Ära nach dem Öl vorzubereiten.","Die Ankurbelung des Tourismus ist eines der zentralen Elemente des Reformprogramms „Vision 2030“ von Kronprinz Mohammed bin Salman, das die größte Volkswirtschaft der arabischen Welt auf die Zeit nach dem Öl vorbereiten soll.",1.0,,TRUE,FALSE,
The announcement comes just two weeks after devastating attacks on Saudi Arabia's oil infrastructure -- blamed by Washington on Iran -- which roiled global energy markets and raised fears of a wider regional conflict.,"Die Ankündigung erfolgt nur zwei Wochen nach verheerenden Angriffen auf die Ölinfrastruktur Saudi-Arabiens – von Washington dem Iran angelastet -, die die globalen Energiemärkte erschütterten und Ängste vor einem umfassenderen regionalen Konflikt schürten.","Die Ankündigung erfolgt nur zwei Wochen nach den verheerenden Angriffen auf die saudische Ölinfrastruktur - die Washington dem Iran vorwirft -, wodurch die globalen Energiemärkte in Aufruhr versetzt und die Sorge vor einem größeren regionalen Konflikt geschürt wurde.",0.999955304147848,,TRUE,FALSE,
"""Opening Saudi Arabia to international tourists is a historic moment for our country,"" tourism chief Ahmed al-Khateeb said in a statement.","„Saudi-Arabien für internationale Touristen zu öffnen, ist ein historischer Moment für unser Land“, sagte Tourismuschef Ahmed al-Khateeb in einer Erklärung.","„Die Öffnung Saudi-Arabiens für den internationalen Tourismus ist ein historischer Moment für unser Land“, sagte Tourismus-Chef Ahmed al-Khateeb in einer Erklärung.",1.0,,TRUE,FALSE,
"""Visitors will be surprised... by the treasures we have to share -- five UNESCO World Heritage Sites, a vibrant local culture and breathtaking natural beauty.""","„Die Besucher werden überrascht sein... von den Schätzen, die wir teilen <v>müssen </v>– fünf UNESCO-Welterbestätten, eine lebendige lokale Kultur und atemberaubende Naturschönheiten.“","„Die Besucher werden überrascht sein... von den Schätzen, die wir zu teilen haben - fünf UNESCO-Weltkulturerbestätten, eine dynamische lokale Kultur und atemberaubende natürliche Schönheit.“",0.8117337869244506,,TRUE,FALSE,
"Saudi Arabia will open applications for online tourist visas to citizens of 49 countries on Saturday, Bloomberg News quoted Khateeb as saying.","Saudi-Arabien wird am Samstag Anträge für Online-Touristenvisa für Bürger aus 49 Ländern <v>öffnen</v>, zitierte Bloomberg News Khateeb mit den Worten.","Saudi-Arabien öffnet am Samstag die Antragstellung für Online-Touristenvisa für Bürger aus 49 Ländern, so zitierte Bloomberg News die Aussage von Khateeb.",0.7784673610803116,,TRUE,FALSE,
"Khateeb said the kingdom will also ease its strict dress code for foreign women, allowing them to go without the body-shrouding abaya robe that is still mandatory public wear for Saudi women.","Khateeb sagte, das Königreich werde auch seine strenge Kleiderordnung für ausländische Frauen lockern und ihnen erlauben, auf die körperbedeckende Abaya-Robe zu verzichten, die für saudische Frauen immer noch obligatorische öffentliche Kleidung ist.","Khateeb sagte, das Königreich werde auch seine strikte Kleiderordnung für ausländische Frauen lockern und ihnen erlauben, auf die körperumhüllende Abaya-Robe zu verzichten, die für saudische Frauen in der Öffentlichkeit immer noch obligatorisch ist.",1.0,,TRUE,FALSE,
"Foreign women, however, will be required to wear ""modest clothing,"" he added, without elaborating.","Ausländische Frauen werden jedoch verpflichtet sein, „<v>bescheidene </v>Kleidung“ zu tragen, fügte er hinzu, ohne näher darauf einzugehen.","Von den ausländischen Frauen wird jedoch verlangt, „sittsame Kleidung“ zu tragen, fügte er hinzu, ohne dies näher auszuführen.",0.8095731896753661,,TRUE,FALSE,
"Visas in the desert kingdom, endowed with rich bedouin heritage and archaeological sites, are currently restricted to expat workers, their dependents and Muslim pilgrims travelling to holy sites in Mecca and Medina.","Visa im Wüstenreich, ausgestattet mit reichem Beduinen-Erbe und archäologischen Stätten, sind derzeit auf Expat-Arbeiter, ihre Angehörigen und muslimische Pilger beschränkt, die zu heiligen Stätten in Mekka und Medina reisen.","Die Erteilung von Visa im Wüstenkönigreich, ausgestattet mit einem reichen Beduinenerbe und archäologischen Stätten, ist derzeit auf Expatriates und ihre Angehörigen sowie auf muslimische Pilger beschränkt, die zu den heiligen Stätten in Mekka und Medina pilgern.",0.9759053188960616,,TRUE,FALSE,
"In a rare move, Saudi Arabia last year began issuing temporary visas to visitors to attend sporting and cultural events in a bid to kickstart tourism.","In einem seltenen Schritt hat Saudi-Arabien im vergangenen Jahr damit begonnen, vorübergehende Visa für Besucher auszustellen, um Sport- und Kulturveranstaltungen zu besuchen, um den Tourismus anzukurbeln.","In einem ungewöhnlichen Schritt hat Saudi-Arabien im vergangenen Jahr damit begonnen, Besuchern befristete Visa zur Teilnahme an Sport- und Kulturveranstaltungen auszustellen, um damit den Tourismus anzukurbeln.",0.911533064456868,,TRUE,FALSE,
"But the austere kingdom, which forbids alcohol and has a strict social code, is seen by many as a hard sell for tourists.","Aber das strenge Königreich, das Alkohol verbietet und einen strengen Sozialkodex hat, wird von vielen <v>als harter Verkauf</v> für Touristen angesehen.","Doch das strenge Königreich, das Alkohol verbietet und einen strikt reglementierten Sozialkodex hat, wird von vielen als ein schwer verkäufliches Reiseland für Touristen angesehen.",0.7784673610803116,,TRUE,FALSE,
"Prince Mohammed is seeking to change that through a sweeping liberalisation drive that has brought new cinemas, mixed-gender concerts and sporting extravaganzas to Saudi Arabia.","Prinz Mohammed versucht, dies durch eine umfassende Liberalisierungskampagne zu ändern, die neue Kinos, gemischtgeschlechtliche Konzerte und sportliche Extravaganzen nach Saudi-Arabien gebracht hat.","Prinz Mohammed versucht, dies durch eine tiefgreifende Liberalisierung zu ändern, in deren Rahmen die neue Kinos, Mixed-Gender-Konzerte und Sportveranstaltungen nach Saudi-Arabien gebracht wurden.",0.9759053188960616,,TRUE,FALSE,
"International criticism of the kingdom's human rights record, including the gruesome murder last year of critic Jamal Khashoggi and a crackdown on female activists, could further put off foreign visitors, observers say.","Internationale Kritik an der Menschenrechtsbilanz des Königreichs, darunter der grausame Mord an dem Kritiker Jamal Khashoggi im vergangenen Jahr und ein hartes Vorgehen gegen weibliche Aktivistinnen, könnte ausländische Besucher weiter abschrecken, sagen Beobachter.","Nach Ansicht von Beobachtern könnte die internationale Kritik an der Menschenrechtsbilanz des Königreichs, darunter die grausame Ermordung des Kritikers Jamal Khashoggi im vergangenen Jahr und ein hartes Vorgehen gegen weibliche Aktivistinnen, ausländische Besucher weiter abschrecken.",1.0,,TRUE,FALSE,
Fears of a regional conflict after the September 14 attacks on state oil giant Aramco may also dampen the kingdom's appeal to holidaymakers.,Die Angst vor einem regionalen Konflikt nach den Anschlägen vom 14. September auf den staatlichen Ölriesen Aramco könnte auch die Attraktivität des Königreichs für Urlauber dämpfen.,Auch die Angst vor einem möglichen Regionalkonflikt nach den Anschlägen vom 14. September auf den staatlichen Ölgiganten Aramco könnte die Attraktivität des Königreichs für Urlauber dämpfen.,1.0,,TRUE,FALSE,
"The government, reeling from low oil prices, says it hopes tourism will contribute up to 10 percent of the gross domestic product by 2030, compared to three percent currently.","Die Regierung, die unter den niedrigen Ölpreisen leidet, hofft, dass der Tourismus bis 2030 bis zu 10 Prozent zum Bruttoinlandsprodukt beitragen wird, verglichen mit derzeit drei Prozent.","Die Regierung, angeschlagen durch die niedrigen Ölpreise, bringt die Hoffnung zum Ausdruck, dass der Tourismus bis 2030 bis zu 10 Prozent des Bruttoinlandsprodukts beitragen wird, im Vergleich zu aktuell drei Prozent.",1.0,,TRUE,FALSE,
It says by 2030 it aims to attract up to 100 million annual visits by both domestic and foreign tourists.,Bis 2030 sollen jährlich bis zu 100 Millionen <v>Besucher von in- und ausländischen Touristen angezogen werden.</v>,"Sie sagt, dass sie bis 2030 jährlich bis zu 100 Millionen Besucher aus dem In- und Ausland anziehen will.",0.8695618213548235,,TRUE,FALSE,
"But the kingdom currently lacks the infrastructure to accomodate visitors in such high numbers, with officials estimating 500,000 new hotel rooms will be required nationwide over the coming decade.","Aber dem Königreich fehlt derzeit die Infrastruktur, um Besucher in so hoher Zahl unterzubringen.Beamte schätzen, dass in den kommenden zehn Jahren landesweit 500.000 neue Hotelzimmer benötigt werden.","Allerdings fehlt es dem Königreich derzeit an der Infrastruktur, um eine so große Besucherzahl zu beherbergen; offizielle Schätzungen gehen davon aus, dass in den kommenden zehn Jahren landesweit 500.000 neue Hotelzimmer benötigt werden.",0.9725786763116476,,TRUE,FALSE,
"The sector is expected to create up to one million tourism jobs, the government says, as it battles high youth unemployment.","Es wird erwartet, dass der Sektor bis zu einer Million Arbeitsplätze im Tourismus schaffen wird, sagt die Regierung, <v>da er gegen </v>die hohe Jugendarbeitslosigkeit kämpft.","Es wird erwartet, dass im Tourismussektor bis zu einer Million Arbeitsplätze geschaffen werden, so die Regierung, die mit einer hohen Jugendarbeitslosigkeit konfrontiert ist.",0.5712339344065861,,TRUE,FALSE,
Saudi Arabia has splurged billions in an attempt to build a tourism industry from scratch.,"Saudi-Arabien hat Milliarden investiert, um eine Tourismusindustrie von Grund auf aufzubauen.","Saudi-Arabien hat in dem Versuch, aus dem Nichts eine Tourismusindustrie aufzubauen, Milliardenbeträge ausgegeben.",0.9715216961363252,,TRUE,FALSE,
"In 2017, the kingdom announced a multi-billion dollar project to turn 50 islands and other pristine sites on the Red Sea into luxury resorts.","Im Jahr 2017 kündigte das Königreich ein Multi-Milliarden-Dollar-Projekt an, um 50 Inseln und andere unberührte Orte am Roten Meer in Luxusresorts zu verwandeln.","Im Jahr 2017 kündigte das Königreich ein Multimilliarden-Dollar-Projekt an, um 50 Inseln und andere unberührte Orte am Roten Meer in luxuriöse Urlaubsresorts zu verwandeln.",1.0,,TRUE,FALSE,
"Last year, construction of Qiddiya ""entertainment city"" was launched near Riyadh, which would include high-end theme parks, motor sport facilities and a safari area.","Letztes Jahr wurde der Bau der „Unterhaltungsstadt“ Qiddiya in der Nähe von Riad gestartet, die High-End-Themenparks, Motorsportanlagen und ein Safari-Gebiet umfassen würde.","Im vergangenen Jahr wurde in der Nähe von Riad mit dem Bau der „Unterhaltungsstadt“ Qiddiya begonnen, die neben hochwertigen Themenparks auch Motorsporteinrichtungen und ein Safarigelände umfassen soll.",1.0,,TRUE,FALSE,
"The country is also developing historic sites such as the centuries-old Mada'in Saleh, home to sandstone tombs of the same civilisation which built the Jordanian city of Petra.","Das Land entwickelt auch historische Stätten wie die jahrhundertealte Mada’in Saleh, die Heimat von Sandsteingräbern der gleichen Zivilisation, die die jordanische Stadt Petra gebaut hat.","Das Land entwickelt außerdem seine historischen Stätten wie das jahrhundertealte Mada'in Saleh, das Sandsteingräber derselben Zivilisation beherbergt, die auch die jordanische Stadt Petra errichtet hat.",1.0,,TRUE,FALSE,
Facebook hides 'likes' in new Australia trial,Facebook versteckt „Likes“ in neuem Australien<v>-Prozess</v>,Facebook verbirgt in Australien probeweise „Gefällt mir“-Angaben,0.4471380551520434,,TRUE,FALSE,
"Facebook has begun hiding the number of ""likes"" for posts in Australia, it said today, a trial designed to ease social pressure that could be rolled out worldwide.","Facebook hat damit begonnen, die Anzahl der „Likes“ für Posts in Australien zu verbergen, hieß es heute, <v>ein Prozess</v>, der darauf abzielt, den sozialen Druck zu lindern, <v>der</v> weltweit <v>ausgerollt </v>werden könnte.","Facebook gab heute bekannt, dass in Australien angefangen wurde, probeweise „Gefällt mir“-Angaben zu verbergen, um den sozialen Druck zu mindern – ein Feature, das weltweit ausgerollt werden könnte.",0.0,,TRUE,FALSE,
"Account holders across the country will also be blocked from viewing the number of reactions and video views on other people's posts from today, but will still be able to see how people respond to their own.","Kontoinhaber im ganzen Land werden auch daran gehindert, die Anzahl der Reaktionen und Video-Ansichten auf die Beiträge anderer Leute <v>von heute</v> zu sehen, aber sie werden immer noch in der Lage sein zu sehen, wie die Menschen auf ihre eigenen reagieren.","Kontobesitzer im Land werden ebenfalls nicht mehr die Anzahl der Reaktionen und der Videoaufrufe auf den heutigen Beiträgen von anderen Nutzern sehen können, werden aber weiterhin sehen können, wie Menschen auf ihre eigenen Beiträge reagieren.",0.5724923644674589,,TRUE,FALSE,
"""We don't want Facebook to feel like a competition,"" the company said in a statement.","„Wir wollen nicht, dass Facebook wie ein Wettbewerb fühlen“, sagte das Unternehmen in einer Erklärung.","„Wir möchten nicht, dass sich Facebook wie ein Wettrennen anfühlt“, sagte das Unternehmen in einer Stellungnahme.",0.8822029391741281,,TRUE,FALSE,
"""This is a test to see how people engage with this new format. We hope to learn from this over time in order to see if we will roll this out more broadly,"" it said.","„Dies ist ein Test, um zu sehen, wie sich die Menschen mit diesem neuen Format beschäftigen. Wir hoffen, im Laufe der Zeit daraus zu lernen, um zu sehen, ob wir dies breiter <v>ausrollen</v> werden“, hieß es.","„Dieser Test wird durchgeführt, um zu sehen, wie Menschen mit diesem neuen Format umgehen. Wir hoffen, dass wir mit der Zeit daraus lernen können, um zu entscheiden, ob wir dieses Feature auf breiter Basis ausrollen sollen“, so die Stellungnahme.",0.7098874876406642,,TRUE,FALSE,
"More than one billion people use Facebook worldwide, but the social media giant has come under pressure to combat the platform's impact on mental health.","Mehr als eine Milliarde Menschen nutzen Facebook weltweit, aber der Social-Media-Gigant ist unter Druck geraten, die Auswirkungen der Plattform auf die psychische Gesundheit zu bekämpfen.","Über eine Milliarde Menschen weltweit verwenden Facebook, aber der Social-Media-Gigant geriet in der letzten Zeit unter Druck, den Einfluss der Plattform auf die psychische Gesundheit zu bekämpfen.",1.0,,TRUE,FALSE,
"In Australia, one in five children report experiencing cyberbullying, according to the country's eSafety commissioner.","In Australien berichtet jedes fünfte Kind von Cybermobbing, so der eSafety <v>Commissioner</v> des Landes.","Laut dem eSafety-Beauftragten von Australien gibt eines von fünf Kindern an, dass es Opfer von Cybermobbing sei.",0.8399564524042581,,TRUE,FALSE,
"Facebook's decision comes after it launched a trial in July to hide ""likes"" on the company's other major social media platform, Instagram.","Facebooks Entscheidung kommt, nachdem es im Juli eine Studie gestartet hat, <v>um</v> „Likes“ auf der anderen großen Social-Media-Plattform des Unternehmens, Instagram, zu verstecken.","Die Entscheidung von Facebook folgt einer vorherigen Aktion im Juli, bei der „Gefällt mir“-Angaben auf Instagram, der anderen großen Social-Media-Plattform des Unternehmens, verborgen wurden.",0.6787816590456097,,TRUE,FALSE,
"What began as a test on Instagram in Canada was expanded to Australia, Brazil and several other major markets.","Was als Test auf Instagram in Kanada begann, wurde auf Australien, Brasilien und mehrere andere große Märkte ausgeweitet.","Was zuerst als Test auf Instagram in Kanada begann, wurde später auf Australien, Brasilien und weitere wichtige Märkte ausgeweitet.",1.0,,TRUE,FALSE,
"The Facebook trial was described as ""a limited test in order for us to get some early learnings.""","Die Facebook-Studie wurde als „ein begrenzter Test <v>für uns</v>, um einige frühe Erkenntnisse zu erhalten“ beschrieben.",Dieses Facebook-Experiment wurde als „eingeschränkter Test zum Erhalten von frühen Erkenntnissen“ beschrieben.,0.8790240773120805,,TRUE,FALSE,
"""While this has been testing on Instagram, Facebook and (Instagram) are different surfaces and we will likely see different data come from this test,"" the company said.","„Während dies auf Instagram getestet wurde, sind Facebook und (Instagram) unterschiedliche Oberflächen und wir werden wahrscheinlich sehen, dass unterschiedliche Daten aus diesem Test kommen“, sagte das Unternehmen.","„Obwohl dies bereits auf Instagram getestet wurde, stellen Facebook und (Instagram) unterschiedliche Oberflächen dar, sodass wir bei diesem Test höchstwahrscheinlich andere Ergebnisse erhalten werden“, sagte das Unternehmen.",0.8742411428613601,,TRUE,FALSE,
The social media giant did not confirm how long the trial would run for.,"Der Social-Media-Gigant bestätigte nicht, wie lange <v>der Prozess</v> dauern würde.","Der Social-Media-Gigant hat nicht bestätigt, wie lange das Experiment durchgeführt werden würde.",0.478243883747098,,TRUE,FALSE,
"""We want to understand from people whether removing the total counts improves their experience, while also not limiting any positive interactions,"" said Mia Garlick, of Facebook Australia.","„Wir wollen von den Menschen verstehen, ob das Entfernen der Gesamtanzahl ihre Erfahrung verbessert, aber auch keine positiven Interaktionen einschränkt“, sagte Mia Garlick von Facebook Australia.","„Wir möchten verstehen, ob das Entfernen der Zahlen die Erfahrung der Menschen verbessert, aber wir möchten dabei nicht positive Interaktionen beschränken“, sagte Mia Garlick von Facebook Australia.",0.9232913529793022,,TRUE,FALSE,
Lorenzo strengthens into Category 4 hurricane east of Caribbean,Lorenzo verstärkt sich in Kategorie-4-Hurrikan östlich der Karibik,Lorenzo verstärkt sich östlich der Karibik zu einem Hurrikan der Kategorie 4,0.7215434319850864,,TRUE,FALSE,
"Hurricane Lorenzo strengthened into a Category 4 storm Thursday, producing swells that could affect parts of the Windward Islands and South America, the National Hurricane Center said.","Hurrikan Lorenzo verstärkte sich am Donnerstag zu einem Kategorie-4-Sturm und erzeugte<v> Schwellungen</v>, die Teile der Windward-Inseln und Südamerika betreffen könnten, teilte das National Hurricane Center mit.","Laut dem National Hurricane Center (NHC) hat sich Hurrikan Lorenzo zu einem Sturm der Kategorie 4 verstärkt, aus dem Wellen entstehen, die die Windward Islands und Südamerika treffen könnten.",0.3834231795354811,,TRUE,FALSE,
"The eye of the major hurricane was about 1,660 miles southwest of the Azores in the NHC's 11 p.m. EDT update. The storm was moving north-northwest at 14 mph with 145 mph maximum sustained winds.",Das Auge des schweren Hurrikans befand sich etwa 1660 Meilen südwestlich der Azoren in der EDT-Aktualisierung des NHC um 23 Uhr. Der Sturm bewegte sich nord-nordwestlich mit 14 mph mit maximal andauernden Windgeschwindigkeiten von 145 mph.,"Das Auge des Hurrikans lag rund 1.660 Meilen südwestlich der Azoren, so das NHC in einer Mitteilung um 23:00 Uhr EDT-Update. Der Sturm bewegte sich mit 14 Meilen pro Stunde in nord-nordwestlicher Richtung bei Windgeschwindigkeiten von bis zu 145 Meilen pro Stunde.",0.6707385936459763,,TRUE,FALSE,
"The storm isn't forecast to make landfall in the coming days, though a turn toward the northeast Saturday could bring Lorenzo near the Azores in the middle of next week. Forecasters predict the storm will weaken below Category 3 on Monday.","Es wird <v>nicht prognostiziert, dass der Sturm in den kommenden Tagen auf Land treffen wird,</v> obwohl eine Wende in Richtung Nordostsamstag Lorenzo Mitte nächster Woche in die Nähe der Azoren bringen könnte. Prognosen sagen voraus, dass sich der Sturm am Montag unter Kategorie 3 abschwächen wird.","Laut Vorhersagen wird der Sturm in den nächsten Tagen nicht auf Land treffen, allerdings könnte am Samstag ein Richtungswechsel nach Nordosten Lorenzo Mitte nächster Woche in die Nähe der Azoren bringen. Wetterberichte sagen vorher, dass der Sturm am Montag unter die Kategorie 3 sinken wird.",0.6551369326212584,,TRUE,FALSE,
Swells generated by the storm could cause life-threatening surf and rip currents in the Windward Islands and northeastern South America.,Durch den Sturm entstandene Wellen könnten auf den Windward-Inseln und im Nordosten Südamerikas lebensbedrohliche Brandungs- und Rissströmungen verursachen.,Durch den Sturm könnten lebensgefährliche Wellen auf die Windward Islands und den Nordosten Südamerikas treffen.,0.932870737501738,,TRUE,FALSE,
Lorenzo is the season's second Category 4 or higher storm. Dorian reached Category 5 status near the Bahamas.,Lorenzo ist der zweite Sturm der Kategorie 4 oder höher der Saison. Dorian erreichte den Status der Kategorie 5 in der Nähe der Bahamas.,Lorenzo ist in dieser Saison der zweite Sturm der Kategorie 4 oder höher. Dorian erreichte in der Nähe der Bahamas Kategorie 5.,1.0,,TRUE,FALSE,
"According to Colorado State University Meteorologist Philip Klotzbach, the Western Hemisphere, which encompasses the Atlantic and eastern Pacific basins, has generated 16 named storms since Aug. 21.","Laut dem Meteorologen Philip Klotzbach von der Colorado State University hat die westliche Hemisphäre, die das atlantische und das östliche pazifische Becken umfasst, seit dem 21. August 16 benannte Stürme erzeugt.","Laut dem Meteorologen Philip Klotzbach von der Colorado State University entstanden in der westlichen Erdhalbkugel, die das Atlantikbecken und das östliche Pazifikbecken umfasst, seit dem 21. August 16 benannte Stürme.",0.9661371633458772,,TRUE,FALSE,
"""This is the most on record for the Western Hemisphere between Aug. 21-Sept. 23, breaking the old record of 15 named storms set in 1984 and 2002,"" he wrote on Twitter.","„Dies ist der Rekord für die westliche Hemisphäre zwischen dem 21. August und dem 23. September und bricht den alten Rekord von 15 benannten Stürmen, die 1984 und 2002 aufgestellt wurden“, schrieb er auf Twitter.","Auf Twitter teilte er mit, dass dies „ein Rekord für die westliche Hemisphäre im Zeitraum zwischen dem 21. August und 23. September ist und somit den alten Rekord von 15 benannten Stürmen bricht, der in den Jahren 1984 und 2002 aufgestellt wurde.“",0.973959151306912,,TRUE,FALSE,
Patriot missile system to Saudi Arabia after Iran oil attacks,Patriot-Raketensystem nach Iran-Ölangriffen nach Saudi-Arabien,Patriot-Raketensystem an Saudi-Arabien nach Ölangriffen des Iran,0.8636790918122154,,TRUE,FALSE,
"U.S. Soldiers talk after a routine inspection of a Patriot missile battery at a Turkish military base in Gaziantep, Turkey.","US-Soldaten sprechen nach einer routinemäßigen Inspektion einer Patriot-Raketenbatterie auf einem türkischen Militärstützpunkt in Gaziantep, Türkei.","US- Soldaten unterhalten sich nach einer Routineinspektion einer Patriot-Raketenbatterie auf einer türkischen Militärbasis in Gaziantep, Türkei.",0.9047675056173892,,TRUE,FALSE,
"The Pentagon on Thursday announced that the U.S. will send a Patriot missile battery, radars and roughly 200 support personnel to Saudi Arabia in the wake of the attacks on its oil facilities earlier this month.","Das Pentagon kündigte am Donnerstag an, dass die USA nach den Angriffen auf <v>ihre</v> Ölanlagen Anfang des Monats eine Patriot-Raketenbatterie, Radargeräte und etwa 200 Unterstützungskräfte nach Saudi-Arabien schicken werden.","Das Pentagon gab am Donnerstag bekannt, dass die USA eine Patriot-Raketenbatterie, Radargeräte und etwa 200 Hilfskräfte nach Saudi-Arabien schicken werden, nachdem Anfang des Monats Angriffe auf seine Öleinrichtungen verübt worden waren.",0.7752192118214174,,TRUE,FALSE,
"Defense Secretary Mark Esper has ""approved putting additional forces on prepare to deploy orders,"" Pentagon spokesman Jonathan Hoffman wrote in a statement. ""While no decision has been made to deploy these additional forces, they will maintain a heightened state of readiness.""","Verteidigungsminister Mark Esper hat „zugelassen, zusätzliche Kräfte zur Vorbereitung der Entsendung von Befehlen einzusetzen“, schrieb Pentagon-Sprecher Jonathan Hoffman in einer Erklärung. „Obwohl keine Entscheidung getroffen wurde, diese zusätzlichen Kräfte einzusetzen, werden sie einen erhöhten Stand der Bereitschaft aufrechterhalten.“","Verteidigungsminister Mark Esper hat ""der Bereitstellung zusätzlicher Truppen für die Einsatzvorbereitung zugestimmt"", schrieb der Sprecher des Pentagon, Jonathan Hoffman, in einer Erklärung. „Obwohl noch keine Entscheidung über die Entsendung dieser zusätzlichen Kräfte getroffen wurde, werden sie einen erhöhten Bereitschaftszustand aufrechterhalten.“",0.8780558785750293,,TRUE,FALSE,
"Those additional forces include two Patriot missile artillery batteries and one Terminal High Altitude Area Defense, or THAAD missile defense system.",Zu diesen zusätzlichen Streitkräften gehören zwei Patriot-Raketen-Artilleriebatterien und ein Terminal High Altitude Area Defense oder THAAD-Raketenabwehrsystem.,Zu diesen zusätzlichen Einheiten gehören zwei Patriot-Raketenartilleriegeschütze und ein THAAD- oder Terminal High Altitude Area Defense-Raketenabwehrsystem.,0.9890618594348136,,TRUE,FALSE,
"THAAD, one of the world's most advanced missile systems, can target incoming missiles and blast them out of the sky. THAAD interceptors, fired from a truck-based launcher, use kinetic energy to deliver ""hit to kill"" strikes to ballistic threats.","THAAD, eines der fortschrittlichsten Raketensysteme der Welt, kann ankommende Raketen ins Visier nehmen und sie aus dem Himmel sprengen. THAAD-Abfangjäger, die von einer LKW-basierten Trägerrakete abgefeuert werden, nutzen kinetische Energie, um ballistischen Bedrohungen „Hit to kill“-Angriffe zu liefern.","THAAD, eines der fortschrittlichsten Raketensysteme der Welt, kann anfliegende Raketen anvisieren und vom Himmel schießen. THAAD-Abfangraketen, die von einem LKW-gestützten Raketenwerfer aus abgefeuert werden, nutzen kinetische Energie, um „Hit-to-Kill“-Schläge auf ballistische Bedrohungen auszuführen.",0.7280684313241891,,TRUE,FALSE,
"""It is important to note these steps are a demonstration of our commitment to regional partners, and the security and stability in the Middle East. Other countries have called out Iranian misadventures in the region, and we look for them to reinforce Saudi Arabia's defense,"" Hoffman wrote.","„Es ist wichtig zu beachten, dass diese Schritte ein Beweis unseres Engagements für regionale Partner und die Sicherheit und Stabilität im Nahen Osten sind. Andere Länder haben iranische Missgeschicke in der Region ausgerufen, und wir <v>suchen nach ihnen</v>, um Saudi-Arabiens Verteidigung zu stärken“, schrieb Hoffman.","„Es ist wichtig festzuhalten, dass diese Schritte ein Beweis für unser Engagement zugunsten unserer regionalen Partner und für die Sicherheit und Stabilität im Nahen Osten sind. Andere Länder haben die iranischen Misserfolge in der Region zur Sprache gebracht, und wir sind auf der Suche nach ihnen, um die Verteidigung Saudi-Arabiens zu stärken“, schrieb Hoffman.",0.5390133591655264,,TRUE,FALSE,
"President Donald Trump slammed Iran's alleged role in the attacks on Saudi oil facilities, telling world leaders at the U.N. General Assembly on Tuesday that they should pressure Tehran into diplomatic talks.","Präsident Donald Trump verurteilte die angebliche Rolle des Iran bei den Angriffen auf saudische Ölanlagen und sagte den Staats- und Regierungschefs der Welt bei der UN-Vollversammlung am Dienstag, dass sie Teheran zu diplomatischen Gesprächen drängen sollten.","Präsident Donald Trump hat die angebliche Rolle des Iran bei den Angriffen auf saudische Öleinrichtungen kritisiert und den führenden Politikern der Welt anlässlich der UN- Generalversammlung am Dienstag gesagt, dass sie Teheran zu diplomatischen Gesprächen drängen sollten.",0.9972795421958484,,TRUE,FALSE,
"""All nations have a duty to act,"" Trump said regarding his call to counter Iranian behavior. ""No responsible government should subsidize Iran's bloodlust. As long as Iran's menacing behavior continues, sanctions will not be lifted, they will be tightened.""","„Alle Nationen haben die Pflicht zu handeln“, sagte Trump in Bezug auf seinen Aufruf, dem iranischen Verhalten entgegenzutreten. „Keine verantwortungsbewusste Regierung sollte die Blutlust des Iran subventionieren. Solange das bedrohliche Verhalten des Iran anhält, werden die Sanktionen nicht aufgehoben, sie werden verschärft.“","„Alle Nationen haben die Pflicht zu handeln“, sagte Trump zu seinem Aufruf, dem Vorgehen Irans entgegenzuwirken. „Keine verantwortliche Regierung sollte den Blutdurst des Iran subventionieren. Solange das bedrohliche Verhalten Irans anhält, werden die Sanktionen nicht aufgehoben, sondern verschärft.“",0.9972795421958484,,TRUE,FALSE,
"The Sept. 14 strikes on the world's largest crude-processing plant and oil field forced Saudi Arabia to shut down half of its production operations. The drone attacks triggered the largest spike in crude prices in decades and renewed concerns of a budding conflict in the Middle East. While Tehran has been widely blamed for the attacks, it maintains that it was not involved.","Die Angriffe vom 14. September auf die größte Rohölverarbeitungsanlage und das Ölfeld der Welt zwangen Saudi-Arabien, die Hälfte seiner Produktion einzustellen. Die Drohnenangriffe lösten den größten Anstieg der Rohölpreise seit Jahrzehnten aus und erneuerten die Besorgnis über einen aufkeimenden Konflikt im Nahen Osten. Obwohl Teheran weithin für die Angriffe verantwortlich gemacht wurde, behauptet es, nicht daran beteiligt gewesen zu sein.","Die Angriffe vom 14. September auf die größte Rohölverarbeitungsanlage und das größte Ölfeld der Welt zwangen Saudi-Arabien zur Schließung der Hälfte seiner Produktionstätigkeit. Die Drohnenangriffe lösten den größten Anstieg der Rohölpreise seit Jahrzehnten aus und erneuerten die Besorgnis über einen aufkeimenden Konflikt im Nahen Osten. Teheran wird zwar weithin für die Angriffe verantwortlich gemacht, behauptet aber weiterhin, dass es nicht daran beteiligt war.",0.917123503482852,,TRUE,FALSE,
Skydiver dies after crashing into big rig trailer on California highway,"Skydiver stirbt, nachdem <v>er</v> auf dem <v>California Highway</v> in einen großen <v>Rigg</v>-Anhänger gekracht ist",Fallschirmspringer stirbt nach Aufprall auf einen Sattelschlepper-Anhänger auf der kalifornischen Autobahn,0.4237594774604684,,TRUE,FALSE,
"The 28-year-old woman was skydiving with a group of seven people around 2 p.m. Thursday, California Highway Patrol PIO Ruben Jones told CNN.","<v>Die 28-jährige Frau war Fallschirmspringen mit einer Gruppe von sieben Personen gegen 14.00 Uhr Donnerstag, California Highway Patrol PIO Ruben Jones sagte CNN.</v>","Die 28-jährige Frau war am Donnerstag gegen 14 Uhr mit einer Gruppe von sieben Personen beim Fallschirmspringen, wie PIO Ruben Jones von der California Highway Patrol gegenüber CNN erklärte.",0.0,,TRUE,FALSE,
The group took off from the Lodi Parachute Center. CNN has reached out to the facility for comment.,"Die Gruppe startete vom Lodi Parachute Center. CNN hat sich an die Einrichtung gewandt, <v>um einen Kommentar abzugeben</v>.",Die Gruppe ist vom Fallschirmzentrum in Lodi gestartet. CNN hat sich zur Stellungnahme an die Einrichtung gewandt.,0.5418673832884248,,TRUE,FALSE,
"Conditions were windy, and the woman crashed into the truck during the skydiving group's descent near the Lodi Airport, Jones said.","<v>Die Bedingungen waren windig, und die Frau krachte während des Abstiegs </v>der Fallschirmspringergruppe in der Nähe des Flughafens Lodi in den Lastwagen, sagte Jones.","Es war windig, und die Frau kollidierte während des Sinkfluges der Fallschirmspringergruppe in der Nähe des Flughafens von Lodi mit dem Lastwagen, sagte Jones.",0.7906499194981741,,TRUE,FALSE,
"The station spoke to Lisa Reyes, who was driving with her father and brother on Highway 99 when the woman crashed.","Der Sender sprach mit Lisa Reyes, die mit ihrem Vater und ihrem Bruder auf dem Highway 99 fuhr, als die Frau<v> stürzte.</v>","Die Station sprach mit Lisa Reyes, die mit ihrem Vater und ihrem Bruder auf dem Highway 99 unterwegs war, als die Frau verunglückte.",0.8440943311688106,,TRUE,FALSE,
"""The way the person was struggling, just struggling against the wind and their body was just moving really, really fast,"" she told the station.","„Die Art und Weise, wie die Person kämpfte, nur gegen den Wind kämpfte und ihr Körper sich nur wirklich, wirklich schnell bewegte“, sagte sie dem Sender.","„Die Person kämpfte mit dem Wind, und ihr Körper bewegte sich einfach sehr, sehr schnell“, sagte sie dem Sender.",0.902727814805888,,TRUE,FALSE,
'Hideous' Central Coast camouflage child rapist ordered to look at victim in court,"<v>„Hideous“ Central Coast Tarnung Kindervergewaltiger </v>befohlen, Opfer vor Gericht zu sehen","„Abscheulicher“, getarnter Kindervergewaltiger der Central Coast wird vor Gericht aufgefordert, das Opfer anzusehen",0.4991756997395634,,TRUE,FALSE,
"Dressed in a leafy Ghillie camouflage suit, the man grabbed the then 12-year-old from behind and dragged her into bushland as she made her way to school on the state's Central Coast in May 2017.","In einen grünen Ghillie-Tarnanzug gekleidet, packte der Mann die damals 12-Jährige von hinten und zerrte sie ins Buschland, als sie im Mai 2017 auf dem Weg zur Schule an der Central Coast des Bundesstaates war.",Gekleidet in einem belaubten Ghillie-Tarnanzug packte der Mann die damals 12-Jährige im Mai 2017 von hinten und zerrte sie auf dem Schulweg an der Central Coast des Staates ins Buschland.,0.8664465802388743,,TRUE,FALSE,
He then tied her to a tree and sexually assaulted her.,Dann fesselte er sie an einen Baum und<v> griff sie sexuell an</v>.,Dann fesselte er sie an einen Baum und missbrauchte sie sexuell.,0.8142175082588848,,TRUE,FALSE,
"Shortly after the arrest, a search warrant was executed at a home where officers seized a number of items relevant to the investigation.","Kurz nach der Festnahme wurde ein Durchsuchungsbefehl in einem Haus vollstreckt, in dem Beamte eine Reihe von für die Untersuchung relevanten Gegenständen beschlagnahmten.","Kurz nach der Verhaftung erging ein Durchsuchungsbefehl für ein Haus, in dem Beamte eine Reihe von für die Untersuchung relevanten Gegenständen beschlagnahmten.",1.0,,TRUE,FALSE,
"The man pleaded guilty to seven charges involving the attack and a further three charges over the grooming and sexual abuse of another girl, aged 11, between August 2016 and April 2017.",Der Mann bekannte sich in sieben Anklagepunkten des Angriffs und weiteren drei Anklagepunkten wegen <v>der Pflege </v>und des sexuellen Missbrauchs eines anderen Mädchens im Alter von 11 Jahren zwischen August 2016 und April 2017 schuldig.,Der Mann bekannte sich in sieben Fällen des Angriffs und in drei weiteren Fällen des Grooming und sexuellen Missbrauchs eines anderen Mädchens im Alter von 11 Jahren zwischen August 2016 und April 2017 schuldig.,0.4835317238174936,,TRUE,FALSE,
The 12-year-old victim had been walking along a track when she looked back and saw him suddenly emerge from the bushes armed with a large tree branch and a knife.,"Das 12-jährige Opfer war einen Weg entlang gelaufen, als sie zurückblickte und sah, wie er plötzlich mit einem großen Baumzweig und einem Messer bewaffnet aus dem Gebüsch auftauchte.","Das 12-jährige Opfer ging auf einem Weg, als sie sich umdrehte und sah, wie er plötzlich mit einem großen Stock und einem Messer bewaffnet aus dem Gebüsch sprang.",0.905374396794964,,TRUE,FALSE,
An example of a camouflage Ghillie suit the man used.,Ein Beispiel für eine <v>Tarnung Ghillie Anzug der Mann verwendet</v>.,"Ein Beispiel eines Ghillie-Tarnanzugs, den der Mann benutzt hat.",0.7476846565706068,,TRUE,FALSE,
"When she pleaded ""stop, stop, stop,"" he put her in a headlock and forced her into the scrub.","Als sie flehte: „Stopp, Stop, Stop“, <v>steckte er sie in einen Schnurrbart </v>und zwang sie ins Gestrüpp.","Als sie „Stopp, Stopp, Stopp“ flehte, nahm er sie in einen Schwitzkasten und zwang sie ins Gestrüpp.",0.3348220445188675,,TRUE,FALSE,
"The man told the girl: ""Shhh, don't scream. Don't scream or I'll have to hurt you.""","Der Mann sagte zu dem Mädchen: „Shhh, <v>schreien Sie</v> nicht. <v>Schreien Sie </v>nicht, sonst muss ich<v> Ihnen </v>weh tun.“","Der Mann sagte zu dem Mädchen: „Psst, nicht schreien. Schrei nicht, sonst muss ich dir wehtun.“",0.0,,TRUE,FALSE,
"Holding the knife in his right hand, he tied her hands and feet with cable ties before lashing her to the tree and abusing her for almost an hour. After he cut her loose, the girl ran crying hysterically to school.","Er hielt das Messer in der rechten Hand und fesselte ihre Hände und Füße mit Kabelbindern, bevor er sie <v>an den Baum schlug </v>und sie fast eine Stunde lang misshandelte. Nachdem er sie losgeschnitten hatte, rannte das Mädchen hysterisch zur Schule.","Mit dem Messer in der rechten Hand fesselte er ihre Hände und Füße mit Kabelbindern, bevor er sie an den Baum band und sie dort fast eine Stunde lang missbrauchte. Nachdem er sie losgeschnitten hatte, rannte das Mädchen hysterisch weinend zur Schule.",0.6165974271940499,,TRUE,FALSE,
The man arrived at work about 9.30am after failing to reply to several text messages and phone calls from colleagues.,"Der Mann kam gegen 9.30 Uhr zur Arbeit, nachdem er auf mehrere SMS und Anrufe von Kollegen nicht geantwortet hatte.","Der Mann kam gegen 9.30 Uhr an seinem Arbeitsplatz an, nachdem er auf mehrere Textnachrichten und Anrufe von Kollegen nicht geantwortet hatte.",1.0,,TRUE,FALSE,
"With dirt, grass and tree matter on his clothes, he claimed to have been involved in a road rage incident where he had chased another driver into the bush and fallen down an embankment.","Mit Schmutz, Gras und Baummaterial an seiner Kleidung behauptete er, in einen <v>Straßenwütigen-Vorfall </v>verwickelt gewesen zu sein, bei dem er einen anderen Fahrer in den Busch gejagt und<v> eine Böschung hinabgestürzt hatte</v>.","Mit Schmutz, Gras und Baumbewuchs auf seiner Kleidung behauptete er, in einen Zwischenfall von Aggression im Straßenverkehr verwickelt gewesen zu sein, bei dem er einen anderen Fahrer in den Busch gejagt hatte und eine Böschung hinuntergefallen war.",0.2714523143640622,,TRUE,FALSE,
The man's sentencing hearing continues on Tuesday.,Die Urteilsverkündung des Mannes geht am Dienstag weiter.,Die Anhörung zur Verurteilung des Mannes wird am Dienstag fortgesetzt.,0.9131963847559988,,TRUE,FALSE,
No federal charges in fatal California police shooting,Keine Bundesanklage bei tödlicher Schießerei der kalifornischen Polizei,Keine Bundesanklage nach tödlicher Polizei-Schießerei in Kalifornien,0.9694122847549678,,TRUE,FALSE,
"Federal authorities declined to pursue civil rights charges Thursday against Sacramento police officers who fatally shot an unarmed black man, a killing that sparked protests and spurred changes to a state law governing when authorities can use deadly force.","Die Bundesbehörden weigerten sich am Donnerstag, zivilrechtliche Anklagen gegen Polizeibeamte aus Sacramento zu erheben, die einen unbewaffneten Schwarzen tödlich erschossen hatten, ein Mord, der Proteste auslöste und Änderungen an einem staatlichen Gesetz anregte, das regelt, wann Behörden tödliche Gewalt anwenden können.","Die Bundesbehörden haben am Donnerstag abgelehnt, zivilrechtliche Klagen gegen Polizeioffiziere aus Sacramento zu verfolgen, die einen unbewaffneten afroamerikanischen Mann erschossen haben – ein Mord, der Proteste ausgelöst und der Veränderungen im Landesgesetz angeregt hat, welches regelt, wann die öffentliche Hand tödliche Gewalt anwenden darf.",0.8620033723791674,,TRUE,FALSE,
"The U.S. Attorney's Office and the FBI said a federal review of the 2018 shooting of 22-year-old Stephon Clark found ""insufficient evidence"" to pursue charges against Officers Terrance Mercadal and Jared Robinet. Both will be returned to active duty.","Die US-Staatsanwaltschaft und das FBI sagten, eine Überprüfung der Erschießung des 22-jährigen Stephon Clark im Jahr 2018 habe „unzureichende Beweise“ gefunden, um Anklagen gegen die Offiziere Terrance Mercadal und Jared Robinet zu verfolgen. Beide werden in den aktiven Dienst zurückkehren.","Die US- Staatsanwaltschaft und das FBI sagten, dass bei einer bundesstaatlichen Überprüfung des Mordes des 22-jährigen Stephon Clark im Jahr 2018 „unzureichend Beweise“ gefunden wurden, um eine Klage gegen die Polizisten Terrance Mercadal und Jared Robinet weiter zu verfolgen. Beide Polizisten werden in den aktiven Dienst zurückkehren.",0.7826702608025344,,TRUE,FALSE,
The California attorney general's office in March declined to issue state criminal charges after a nearly yearlong investigation. Attorney General Xavier Becerra said then evidence showed the officers had reason to believe their lives were in danger because he was advancing toward them holding what they thought was a gun. Investigators found only a cellphone.,"Die kalifornische Generalstaatsanwaltschaft lehnte es im März nach einer fast einjährigen Untersuchung ab, staatliche Strafanzeigen zu erstatten. Generalstaatsanwalt Xavier Becerra sagte, dass dann Beweise zeigten, dass die Beamten Grund zu der Annahme hatten, dass ihr Leben in Gefahr sei, weil er auf sie zuging und <v>hielt, was sie für eine Waffe hielten</v>. Ermittler fanden nur ein Handy.","Die kalifornische Generalstaatsanwaltschaft lehnte im März nach fast einem Jahr von Ermittlungen ab, staatliche Anklage zu erheben. Justizminister Xavier Becerra sagte, dass die Beweise darauf hindeuteten, dass die Polizisten Grund zur Annahme hätten, dass sich ihr Leben in Gefahr befände, da das Opfer sich ihnen mit einem Gegenstand in der Hand näherte, der ihres Erachtens ein Gewehr hätte sein können. Ermittler konnten nur ein Mobiltelefon ausfindig machen.",0.6906179003641734,,TRUE,FALSE,
Sacramento police also announced Thursday their internal investigation did not find any policy or training violations.,"Die Polizei von Sacramento gab ebenfalls am Donnerstag bekannt, dass ihre internen Ermittlungen keine Verstöße gegen die Richtlinien oder die Ausbildung festgestellt hätten.","Die Polizei von Sacramento gab am Donnerstag ebenfalls bekannt, dass ihre innere Ermittlung keine Verletzung der Regeln oder des Trainings erkennen ließ.",1.0,,TRUE,FALSE,
"""Although no policy violations occurred in this incident or in the events leading up to it, we are committed to implementing strategies that may prevent similar tragedies in the future,"" Sacramento Police Chief Daniel Hahn said in a statement.","„Obwohl bei diesem Vorfall oder den Ereignissen davor keine <v>politischen Verstöße</v> aufgetreten sind, sind wir entschlossen, Strategien umzusetzen, die ähnliche Tragödien in der Zukunft verhindern können“, sagte der Polizeichef von Sacramento, Daniel Hahn, in einer Erklärung.","„Obwohl in diesem Fall oder in den dazu führenden Begebenheiten keine Verletzung der Regeln vorgefallen ist, verpflichten wir uns dazu, Strategien einzuführen, die ähnliche Vorfälle in Zukunft verhindern sollen“, sagte der Sacramento-Polizeichef Daniel Hahn in einer Stellungsnahme.",0.8456215330481509,,TRUE,FALSE,
"Clark's brother, Stevante Clark, posted on Facebook Thursday that he was in a meeting with federal and local authorities. ""These people have failed when it comes to (accountability),"" he wrote.","Clarks Bruder, Stevante Clark, postete am Donnerstag auf Facebook, dass er sich in einem Treffen mit Bundes- und lokalen Behörden befinde. „Diese Leute haben versagt, wenn es um (Rechenschaft) geht“, schrieb er.","Der Bruder von Clark, Stevante Clark, schrieb am Donnerstag auf Facebook, dass er sich in einem Treffen mit lokalen und Bundesbehörden befinden würde. „Diese Menschen haben (bei der Verantwortlichkeit) versagt“, schrieb er.",1.0,,TRUE,FALSE,
"Authorities have said the officers believed Clark was approaching them with a gun after he ran from them into his grandparents"" backyard. The officers had been pursuing Clark after receiving calls about someone breaking car windows and an elderly neighbor's sliding glass door.","Die Behörden sagten, dass die Beamten glaubten, dass Clark sich ihnen mit einer Waffe näherte, nachdem er von ihnen in den Hinterhof seiner Großeltern gerannt war. Die Beamten hatten Clark verfolgt, nachdem sie Anrufe erhalten hatten, dass jemand Autoscheiben zerbrach und die Glasschiebetür eines älteren Nachbarn.","Behörden haben gesagt, dass die Polizisten geglaubt hätten, dass sich Clark ihnen mit einem Gewehr genähert hätte, nachdem er vor ihnen in den Garten seiner Großeltern gerannt ist. Die Polizisten haben Clark verfolgt, nachdem sie Anrufe darüber erhalten hatten, dass jemand Autofenster und eine Glasschiebetür eines älteren Nachbarn eingeschlagen hätte.",0.7839353861493369,,TRUE,FALSE,
The officers shot Clark seven times as he approached them.,"Die Polizisten schossen sieben Mal auf Clark, als er sich ihnen näherte.","Die Polizisten feuerten sieben Schüsse auf Clark ab, als er sich ihnen näherte.",1.0,,TRUE,FALSE,
"The federal investigation looked at evidence such as witness statements, audio and video recordings, dispatch records, police reports, and autopsy reports to determine whether the officers acted willfully with the intent to use objectively unreasonable force.","Die Bundesuntersuchung untersuchte Beweise wie Zeugenaussagen, Audio- und Videoaufzeichnungen, <v>Versandaufzeichnungen</v>, Polizeiberichte und Autopsieberichte, um festzustellen, ob die Beamten vorsätzlich mit der Absicht handelten, objektiv unvernünftige Gewalt anzuwenden.","Die bundesstaatliche Ermittlung betrachtete Beweise wie z. B. Zeugenaussagen, Audio- und Videoaufnahmen, Protokolle von Polizeieinsätzen, Polizeiberichte und Obduktionsberichte, um festzustellen, ob die Polizisten vorsätzlich in der Absicht gehandelt hätten, objektiv unangemessene Gewalt auszuüben.",0.6588795090957176,,TRUE,FALSE,
"Lawmakers last month updated the nation's oldest law governing police use of deadly force, making it now among the country's most comprehensive when combined with additional training.","Letzten Monat aktualisierten die Gesetzgeber das älteste Gesetz des Landes, das den Einsatz tödlicher Gewalt durch die Polizei regelt, und machen es jetzt zu einem der umfassendsten des Landes, wenn es mit zusätzlicher Ausbildung kombiniert wird.","Gesetzgeber haben letzten Monat das älteste Gesetz des Landes aktualisiert, welches das Anwenden von tödlicher Gewalt durch Polizisten regelt, sodass es nun in Verbindung mit zusätzlichem Training zu den umfassendsten Gesetzen des Landes gehört.",0.9177087230662732,,TRUE,FALSE,
"California's old standard made it rare for police officers to be charged following a shooting and rarer still for them to be convicted. It was based on the doctrine of ""reasonable fear,"" meaning if prosecutors or jurors believed officers had a reason to fear for their safety, they could use lethal force.","Kaliforniens alter Standard machte es selten, dass Polizeibeamte nach einer Schießerei angeklagt wurden und noch seltener, dass sie verurteilt wurden. Er basierte auf der Doktrin der „vernünftigen Angst“, was bedeutet, wenn Staatsanwälte oder Geschworene glaubten, dass Beamte einen Grund hatten, <v>um ihre Sicherheit zu fürchten</v>, konnten sie tödliche Gewalt anwenden.","Wegen des alten Standards in Kalifornien wurden Polizeibeamte nach einer Schießerei selten angeklagt und noch seltener verurteilt. Dieser basierte auf einer Doktrin von „angemessener Angst“, was bedeutete, dass wenn ein Staatsanwalt oder die Geschworenen glauben, dass die Polizisten Grund dafür hatten, um ihre Sicherheit zu fürchten, sie tödliche Gewalt anwenden durften.",0.5138584616218596,,TRUE,FALSE,
"The new law, which takes effect Jan. 1, will allow police to use deadly force only when ""necessary"" to defend against an imminent threat of death or serious injury to officers or bystanders.","Das neue Gesetz, das am 1. Januar in Kraft tritt, wird es der Polizei erlauben, tödliche Gewalt nur anzuwenden, wenn sie „notwendig“ ist, um sich gegen eine drohende Todesdrohung oder schwere Verletzung von Beamten oder Zuschauern zu verteidigen.","Das neue Gesetz, welches am 1. Januar in Kraft tritt, wird es Polizisten nur dann erlauben, tödliche Gewalt anzuwenden, wenn diese „notwendig“ ist, um sich gegen eine unmittelbare Bedrohung zu verteidigen, die zum Tod oder einer schweren Verletzung von Polizisten oder Umstehenden führen könnte.",0.8561296285495654,,TRUE,FALSE,
Pope warns tech execs to use AI for the common good,"Papst <v>warnt</v> Techniker, KI für das Gemeinwohl zu nutzen","Papst ermahnt Vertreter von Tech-Unternehmen dazu, KI für das Gemeinwohl einzusetzen",0.8107267373140726,,TRUE,FALSE,
"Pope Francis on Friday warned tech company executives, diplomats and financiers that the race to create artificial intelligence and other forms of digital development pose the risk of increasing social inequality unless the work is accompanied by an ethical evaluation of the common good.","Papst Franziskus warnte am Freitag Führungskräfte von Technologieunternehmen, Diplomaten und Finanziers, dass der Wettlauf um künstliche Intelligenz und andere Formen der digitalen Entwicklung das Risiko einer zunehmenden sozialen Ungleichheit birgt, wenn die Arbeit nicht von einer ethischen Bewertung des Gemeinwohls begleitet wird.","Papst Franziskus hat am Freitag Vertreter von Tech-Unternehmen, Diplomaten und Investoren davor gewarnt, dass das Rennen um künstliche Intelligenz und andere Formen der digitalen Entwicklung die Gefahr einer zunehmenden sozialen Ungleichheit birgt, wenn die Arbeit nicht einer ethischen Evaluation bezüglich des Gemeinwohls unterliegt.",0.9638769979319188,,TRUE,FALSE,
"Francis addressed a Vatican conference that brought government envoys and Facebook and Google representatives together with philosophers, physicists and ethicists. A smattering of academics and Catholic bishops rounded out participants at ""The Common Good in the Digital Age"" conference.","Franziskus sprach vor einer vatikanischen Konferenz, die Regierungsvertreter, Facebook- und Google-Vertreter mit Philosophen, Physikern und Ethikern zusammenbrachte. Akademiker und katholische Bischöfe rundeten die Teilnehmer der Konferenz „Das Gemeinwohl im digitalen Zeitalter“ ab.","Franziskus sprach auf einer Konferenz im Vatikan, die Regierungsenvoys und Vertreter von Facebook und Google mit Philosophen, Physikern und Ethikern zusammenbrachte. Ein kleiner Kreis an Akademikern und katholischen Bischöfen rundete das Teilnehmerfeld der Konferenz „Das Gemeinwohl im digitalen Zeitalter“ ab.",0.9638769979319188,,TRUE,FALSE,
The three-day gathering is the latest evidence of the Vatican wanting a place in the debate over the prospects and perils of artificial intelligence.,"Das dreitägige Treffen ist der jüngste Beweis dafür, dass der Vatikan einen Platz in der Debatte über die Perspektiven und Gefahren künstlicher Intelligenz haben will.","Das drei Tage lange Treffen ist der jüngste Beweis dafür, dass der Vatikan an der Debatte über die Aussichten und Gefahren der künstlichen Intelligenz teilnehmen will.",1.0,,TRUE,FALSE,
"The debates included technology advancements in warfare and the future of work with increasing reliance on machines, as well as a case study examining the Christchurch, New Zealand, massacre and decisions taken by social media companies after video spread of the carnage.","Die Debatten umfassten technologische Fortschritte in der Kriegsführung und die Zukunft der Arbeit mit zunehmender Abhängigkeit von Maschinen sowie eine Fallstudie, die das Massaker in Christchurch, Neuseeland, untersuchte und Entscheidungen von Social-Media-Unternehmen nach der Videoverbreitung des Gemetzels traf.","In der Debatte ging es auch um technologische Fortschritte in der Kriegsführung und die Zukunft der Arbeit durch die größer werdende Abhängigkeit von Maschinen sowie um eine Fallstudie, die auf das Massaker in Christchurch, New Zealand, und die Entscheidungen von Social-Media-Unternehmen, nachdem ein Video der Gewalttat verbreitet wurde, eingeht.",1.0,,TRUE,FALSE,
"In his speech to the conference, Francis praised the potential of technological progress, noting that machines at the dawn of the industrial revolution spared workers dangerous and monotonous labor. But he warned that increased reliance on robotics for the sake of profits risked depriving people of the dignity of labor.","In seiner Rede vor der Konferenz lobte Franziskus das Potenzial des technologischen Fortschritts und stellte fest, dass Maschinen zu Beginn der industriellen Revolution den Arbeitern gefährliche und monotone Arbeit ersparten. Aber er warnte, dass eine zunehmende Abhängigkeit von Robotik um der Profite willen riskiere, den Menschen die Würde der Arbeit zu nehmen.","In seiner Rede zu den Teilnehmern der Konferenz pries Franziskus das Potenzial des technologischen Fortschritts und merkte an, dass zu Beginn der industriellen Revolution die Maschinen den Arbeitern gefährliche und monotone Arbeiten erspart hatte. Er warnte aber auch davor, dass die fortschreitende Abhängigkeit von Maschinen nur um des Profits willen den Menschen die Würde der Arbeit nehmen könnte.",1.0,,TRUE,FALSE,
"""If technological advancement became the cause of increasingly evident inequalities, it would not be true and real progress,"" he warned. ""If mankind's so-called technological progress were to become an enemy of the common good, this would lead to an unfortunate regression to a form of barbarism dictated by the law of the strongest.""","„Wenn der technologische Fortschritt die Ursache immer offensichtlicherer Ungleichheiten werden würde, wäre das kein wahrer und echter Fortschritt“, warnte er. „Wenn der sogenannte technologische Fortschritt der Menschheit zum Feind des Gemeinwohls werden würde, würde dies zu einem unglücklichen Rückfall in eine Form der Barbarei führen, die vom Gesetz des Stärkeren diktiert wird.“","„Wenn der technologische Fortschritt zur Ursache für steigende Ungleichheit werden würde, würde es kein echter Fortschritt sein“, sagte er. „Wenn der sogenannte technologische Fortschritt der Menschheit der Feind des Gemeinwohls werden würde, würde das zu einem bedauerlichen Rückfall zu einer Art der Barbarei führen, wo das Recht des Stärkeren gilt.“",1.0,,TRUE,FALSE,
"Organizers of the conference said they hoped to tap into participants"" expertise identify possible future advisers for the Catholic Church on high tech issues.","Die Organisatoren der Konferenz sagten, sie hofften, die Expertise der Teilnehmer zu nutzen, um mögliche zukünftige Berater für die katholische Kirche in High-Tech-Fragen zu identifizieren.","Die Organisatoren der Konferenz sagten, dass sie hofften, die Expertise der Teilnehmer zu nutzen, um für die Zukunft mögliche Berater in technischen Fragen für die katholische Kirche zu finden.",0.9638769979319188,,TRUE,FALSE,
The House voted Friday to block the national emergency declaration President Donald Trump is using to fund his proposed border wall.,"Das Repräsentantenhaus stimmte am Freitag dafür, die nationale Notstandserklärung zu blockieren, mit der Präsident Donald Trump seine geplante Grenzmauer finanziert.","Das Repräsentantenhaus stimmte am Freitag für eine Blockierung der nationalen Notstandserklärung, die Präsident Donald Trump zur Finanzierung seiner geplanten Grenzmauer nutzt.",1.0,,TRUE,FALSE,
"The Democratic-held chamber passed a resolution to terminate Trump's action by a 236-174 margin, sending it to the president. Eleven Republicans and one independent supported it. The Senate already approved the measure in a 54-41 vote, as 11 Republicans joined Democrats in backing it.","Die von den Demokraten gehaltene Kammer verabschiedete eine Resolution, um Trumps Aktion mit einer Marge von 236-174 zu beenden, und schickte sie an den Präsidenten. Elf Republikaner und ein Unabhängiger unterstützten sie. Der Senat stimmte der Maßnahme bereits mit 54:41 Stimmen zu, da 11 Republikaner sich den Demokraten anschlossen, um sie zu unterstützen.","Die von den Demokraten kontrollierte Kammer verabschiedete eine Resolution, mit der die Aktion von Trump mit einer Marge von 236 zu 174 beendet und an den Präsidenten übermittelt wurde. Elf Republikaner und ein Unabhängiger haben sie unterstützt. Der Senat billigte die Maßnahme bereits in einer Abstimmung mit 54 zu 41 Stimmen, nachdem sich 11 Republikaner den Demokraten angeschlossen hatten.",0.8313063928134731,,TRUE,FALSE,
"Trump will likely veto the resolution, the sixth time he will have blocked congressional legislation as president. He already vetoed a measure to end the emergency declaration in March.","Trump wird wahrscheinlich sein Veto gegen die Resolution einlegen, das sechste Mal, dass er die Gesetzgebung des Kongresses als Präsident blockiert hat. Er hat bereits im März sein Veto gegen eine Maßnahme zur Beendigung der Notstandserklärung eingelegt.","Trump wird wahrscheinlich ein Veto gegen die Resolution einlegen, womit er als Präsident bereits zum sechsten Mal die Gesetzgebung des Kongresses blockiert haben wird. Er hat bereits im März sein Veto gegen eine Maßnahme zur Beendigung der Notstandserklärung eingelegt.",0.9991185265996828,,TRUE,FALSE,
Neither chamber of Congress appears to have the two-thirds majority needed to override the president's opposition.,"Keine der beiden Kammern des Kongresses scheint die Zweidrittelmehrheit zu haben, die nötig ist, um die Opposition des Präsidenten zu überstimmen.","Keine der beiden Kammern des Kongresses scheint über die erforderliche Zweidrittelmehrheit zu verfügen, um die Ablehnung des Präsidenten zu überwinden.",1.0,,TRUE,FALSE,
"Failing to get the funding he desired for borders on the southern border from both the Mexican government and Congress, Trump declared the national emergency in February. His administration plans to pull $3.6 billion from military construction to fund border projects.","Da Trump sowohl von der mexikanischen Regierung als auch vom Kongress nicht die von ihm gewünschten Finanzmittel für die <v>Grenzen an der Südgrenze </v>erhielt, rief er im Februar den nationalen Notstand aus. Seine Regierung plant, 3,6 Milliarden Dollar aus dem Militärbau zu ziehen, um Grenzprojekte zu finanzieren.","Nachdem Trump sowohl von der mexikanischen Regierung als auch vom Kongress nicht die von ihm gewünschten Mittel für die Grenzen an der Südgrenze erhalten hatte, rief er im Februar den nationalen Notstand aus. Seine Regierung plant, 3,6 Milliarden US-Dollar aus dem militärischen Aufbau abzuziehen, um Grenzprojekte zu finanzieren.",0.6667204288344755,,TRUE,FALSE,
Democrats have accused Trump of both circumventing Congress' power of the purse and raiding key Defense funds for unnecessary barriers. A handful of Republicans in both the House and Senate also had concerns about the precedent Trump's declaration would set for executive overreach in the future.,"Die Demokraten werfen Trump vor, sowohl die <v>Macht des Kongresses über den Geldbeutel </v>zu umgehen als auch wichtige Verteidigungsfonds für unnötige Barrieren zu plündern. Eine Handvoll Republikaner sowohl im Repräsentantenhaus als auch im Senat hatten auch Bedenken <v>über den</v> Präzedenzfall, den Trumps Erklärung in Zukunft für exekutive Überschreitungen<v> vorsehen</v> würde.","Die Demokraten haben Trump beschuldigt, sowohl die finanziellen Befugnisse des Kongresses zu umgehen als auch wichtige Verteidigungsgelder für unnötige Barrieren zu plündern. Eine Handvoll Republikaner sowohl im Repräsentantenhaus als auch im Senat hatten auch Bedenken hinsichtlich des Präzedenzfalles, den Trump's Erklärung im Hinblick auf eine spätere Beschränkung der Exekutive schaffen würde.",0.4221949945722083,,TRUE,FALSE,
Some Senate Republicans facing elections next year have faced sharp political pressure over the national emergency vote.,"Einige Republikaner im Senat, die im nächsten Jahr vor Wahlen stehen, sind wegen der nationalen Notstandsabstimmung einem scharfen politischen Druck ausgesetzt.","Einige Republikaner im Senat, die im kommenden Jahr vor Wahlen stehen, sind wegen der nationalen Notstandsabstimmung unter starken politischen Druck geraten.",0.969758863246326,,TRUE,FALSE,
Google Marks Its 21st Birthday With a Doodle: All You Need to Know,"Google feiert seinen 21. Geburtstag mit einem Doodle: Alles, was Sie wissen müssen","Google feiert seinen 21. Geburtstag mit einem Doodle: Alles, was Sie wissen müssen",1.0,,TRUE,FALSE,
"Google is marking its own birthday today with a doodle. The doodle features a photo of a 90s' style computer with Google search page and date stamp for September 27, 1998, surrounded by confetti in Google colours. A smaller doodle with number 21 as candles, as a part of Google logo, shows on the search results page. The search giant was founded 21 years ago in 1998 by Larry Page and Sergey Brin, then students at Stanford University in California. September 27 is, however, not Google's actual birthday.","Google feiert heute seinen Geburtstag mit einem Doodle. Das Doodle zeigt ein Foto eines Computers im Stil der 90er Jahre mit Google-Suchseite und Datumsstempel für den 27. September 1998, umgeben von Konfetti in Google-Farben. Ein kleineres Doodle mit der Nummer 21 als Kerzen, als Teil des Google-Logos, zeigt auf der Suchergebnisseite. Gegründet wurde der Suchriese vor 21 Jahren im Jahr 1998 von Larry Page und Sergey Brin, damals Studenten an der Stanford University in Kalifornien.","Google feiert heute seinen eigenen Geburtstag mit einem Doodle. Das Doodle zeigt ein Foto eines Computers im Stil der 90er Jahre mit Google-Suchseite und Datumsstempel des 27. September 1998, das von Konfetti in Google-Farben umgeben ist. Ein kleineres Doodle mit der Nummer 21 als Kerzen, als Teil des Google-Logos, wird auf der Suchergebnisseite angezeigt. Der Suchgigant wurde vor 21 Jahren, 1998, von Larry Page und Sergey Brin, die damals Studenten an der Stanford University in Kalifornien waren, gegründet. Der 27. September ist jedoch nicht der eigentliche Geburtstag von Google.",0.8892662333465602,,TRUE,FALSE,
"If you take the company's incorporation date as its birthday, then Google was born on September 4, 1998, however, the company never celebrated the day as its birthday, at least not in the form of a doodle. Google celebrated September 7 as its birthday in doodles until 2005, following which it switched to September 27.","Nimmt man das Gründungsdatum des Unternehmens als Geburtstag, dann wurde Google am 4. September 1998 geboren, jedoch feierte das Unternehmen den Tag nie als Geburtstag, zumindest nicht in Form eines Doodles. Google feierte den 7. September bis 2005 als Geburtstag in Doodles, danach wechselte es auf den 27. September.","Nimmt man das Gründungsdatum des Unternehmens, dann wurde Google am 4. September 1998 geboren - allerdings hat das Unternehmen diesen Tag nie als Geburtstag gefeiert, zumindest nicht mit einem Doodle. Google feierte bis 2005 den 7. September als seinen Geburtstag mit Doodles und wechselte danach zum 27. September.",1.0,,TRUE,FALSE,
"Initially, the search engine was called ""BackRub"" and it was later renamed ""Google.""",Anfangs hieß die Suchmaschine „BackRub“ und wurde später in „Google“ umbenannt.,"Ursprünglich hieß die Suchmaschine „BackRub“, später wurde sie in „Google“ umbenannt.",1.0,,TRUE,FALSE,
"""We chose our systems name, Google, because it is a common spelling of googol, or 10100 and fits well with our goal of building very large-scale search engines,"" Sergey Brin and Lawrence (Larry) Page wrote in 1998 in a paper published about launching a prototype of a ""large-scale search engine.""","„Wir haben unseren Systemnamen Google gewählt, weil es eine gebräuchliche Schreibweise von googol oder 10100 ist und gut zu unserem Ziel passt, sehr große Suchmaschinen zu bauen“, schrieben Sergey Brin und Lawrence (Larry) Page 1998 in einem Papier, das über den Start eines Prototyps einer „großen Suchmaschine“ veröffentlicht wurde.","„Wir haben den Namen unseres Systems, Google, gewählt, weil er eine gängige Schreibweise von Googol oder 10 hoch 100 ist und weil er unsere Vision ausdrückt, sehr große Suchmaschinen zu bauen“, schrieben Sergey Brin und Lawrence (Larry) Page 1998 in einem Artikel über den Launch eines Prototyps einer „groß angelegten Suchmaschine“.",1.0,,TRUE,FALSE,
"The company got its start thanks to Sun co-founder Andy Bechtolsheim who invested $100,000; in June 1999, the company had raised a $25 million round from Sequoia Capital and Kleiner Perkins. Google moved to its Mountain View location in the same year, where it remains. In 2001, the company was granted a patent for its technology.","Den Anfang machte Sun-Mitbegründer Andy Bechtolsheim, der 100.000 US-Dollar investierte; im Juni 1999 hatte das Unternehmen eine 25-Millionen-Dollar-Runde von Sequoia Capital und Kleiner Perkins <v>eingeworben</v>. Google zog noch im selben Jahr an seinen Standort Mountain View, wo es auch bleibt. 2001 erhielt das Unternehmen ein Patent für seine Technologie.","Das Unternehmen verdankt seinen Start dem Mitbegründer der Sun, Andy Bechtolsheim, der 100.000 Dollar investierte; Im Juni 1999 hatte das Unternehmen rund 25 Millionen Dollar von Sequoia Capital und Kleiner Perkins gesammelt. Im selben Jahr zog Google an seinen Standort in Mountain View um, wo es nach wie vor niedergelassen ist. Das Unternehmen hat 2001 ein Patent für seine Technologie erhalten.",0.6479467018031505,,TRUE,FALSE,
"What started out as a Web search engine has since turned into a massive conglomerate that calls itself Alphabet and Google is a subsidiary company. Today, Google operates all over the world in over 100 languages, answering trillions of search queries each year.","Was als Web-Suchmaschine begann, hat sich seitdem zu einem riesigen Konglomerat entwickelt, das sich Alphabet nennt und Google ist ein Tochterunternehmen. Heute ist Google auf der ganzen Welt in über 100 Sprachen tätig und beantwortet jedes Jahr Billionen von Suchanfragen.","Was als eine Web-Suchmaschine begann, hat sich inzwischen zu einem massiven Konglomerat entwickelt, das sich Alphabet nennt und in dem Google als Tochterunternehmen tätig ist. Heute arbeitet Google weltweit in über 100 Sprachen und beantwortet jährlich Billionen von Suchanfragen.",1.0,,TRUE,FALSE,
"""The relentless search for better answers continues to be at the core of everything we do,"" Google writes on its Our Story page. ""Today, with more than 60,000 employees in 50 different countries, Google makes hundreds of products used by billions of people across the globe, from YouTube and Android to Smartbox and, of course, Google Search. Although we've ditched the Lego servers and added just a few more company dogs, our passion for building technology for everyone has stayed with us - from the dorm room, to the garage, and to this very day.","„Die unerbittliche Suche nach besseren Antworten ist weiterhin der Kern von allem, was wir tun"", schreibt Google auf seiner Our Story-Seite. ""Heute, mit mehr als 60.000 Mitarbeitern in 50 verschiedenen Ländern, stellt Google Hunderte von Produkten her, die von Milliarden von Menschen auf der ganzen Welt verwendet werden, von YouTube und Android bis Smartbox und natürlich Google Search. Obwohl wir die Lego-Server aufgegeben und nur ein paar weitere Firmenhunde hinzugefügt haben, ist unsere Leidenschaft für <v>Gebäudetechnik</v> für alle bei uns geblieben – vom Schlafsaal bis zur Garage.","„Die unerbittliche Suche nach besseren Antworten steht nach wie vor im Mittelpunkt unseres Handelns“, schreibt Google auf seiner Seite Unsere Geschichte. „Heute, mit mehr als 60.000 Mitarbeitern in 50 verschiedenen Ländern, stellt Google Hunderte von Produkten her, die von Milliarden von Menschen auf der ganzen Welt genutzt werden, von YouTube und Android bis hin zu Smartbox und natürlich der Google-Suche. Obwohl wir die Lego-Server abgeschafft und nur ein paar weitere Firmenhunde aufgenommen haben, ist unsere Leidenschaft, großartige Technologie für jedermann zu schaffen, bei uns geblieben - vom Schlafsaal, zur Garage und bis zum heutigen Tag.",0.6493427203058468,,TRUE,FALSE,
"Oil falls after Iran claims US offered to remove sanctions, Trump denies","Öl fällt, nachdem der Iran behauptet, die USA hätten angeboten, Sanktionen aufzuheben, Trump dementiert","Öl fällt, nachdem Iran behauptet, die USA hätten Aufhebung der Sanktionen angeboten, Trump dementiert",0.862062858140204,,TRUE,FALSE,
"Iranian President Hassan Rouhani makes a speech during a ceremony in Tehran, Iran on January 10, 2019.","Der iranische Präsident Hassan Rohani hält eine Rede während einer Zeremonie in Teheran, Iran am 10. Januar 2019.","Der iranische Präsident Hassan Rouhani hält am 10. Januar 2019 im Rahmen einer Zeremonie eine Rede in Teheran, Iran.",0.8687161433090318,,TRUE,FALSE,
"Oil slid after Iranian President Hassan Rouhani claimed Friday that the U.S. offered to remove all sanctions on Iran in exchange for negotiations. President Donald Trump and the State Department later denied those claims, causing oil to rebound from the lows.","Öl rutschte ab, nachdem der iranische Präsident Hassan Rouhani am Freitag behauptet hatte, die USA hätten angeboten, alle Sanktionen gegen den Iran im Austausch für Verhandlungen aufzuheben. Präsident Donald Trump und das Außenministerium dementierten später diese Behauptungen, was dazu führte, dass sich das Öl von den Tiefs erholte.","Der Ölpreis rutschte ab, nachdem der iranische Präsident Hassan Rouhani am Freitag behauptet hatte, die USA hätten angeboten, als Gegenleistung für Verhandlungen alle Sanktionen gegen den Iran aufzuheben. Präsident Donald Trump und das Außenministerium haben diese Behauptungen später zurückgewiesen, was dazu führte, dass sich das Öl von den Tiefstständen erholte.",0.8029263125658911,,TRUE,FALSE,
WTI crude futures were last down by 0.9% to $55.91 after falling as low as $54.79. Brent crude futures dropped 1.4% to $61.89.,"Die WTI-Roh-Futures fielen zuletzt um 0,9 % auf 55,91 US-Dollar, nachdem sie bis auf 54,79 US-Dollar gefallen waren.Die Brent-Roh-Futures sanken um 1,4 % auf 61,89 US-Dollar.","Die WTI-Rohölterminkontrakte fielen zuletzt um 0,9 % auf 55,91 US-Dollar, nachdem sie bis auf 54,79 US-Dollar gesunken waren. Die Rohöl-Futures von Brent fielen um 1,4 % auf 61,89 US-Dollar.",0.933728190041542,,TRUE,FALSE,
"""The German chancellor, the prime minister of England (Britain) and the president of France were in New York and all insisted that this meeting take place. And America says that it will lift the sanctions,"" Rouhani said on his official website, according to Reuters. ""It was up for debate what sanctions will be lifted and they (the United States) had said clearly that we will lift all sanctions.""","„Die deutsche Kanzlerin, der Premierminister von England (Großbritannien) und der Präsident von Frankreich waren in New York und alle bestanden darauf, dass dieses Treffen stattfindet. Und Amerika sagt, dass es die Sanktionen aufheben wird“, sagte Rouhani auf seiner offiziellen Website laut Reuters. „Es stand zur Debatte, welche Sanktionen aufgehoben werden, und sie (die Vereinigten Staaten) hatten klar gesagt, dass wir alle Sanktionen aufheben werden.“","„Die deutsche Bundeskanzlerin, der Premierminister von England (Britannien) und der Präsident von Frankreich waren in New York und haben alle darauf bestanden, dass dieses Treffen stattfindet. Und Amerika sagt, dass es die Sanktionen aufheben wird“, erklärte Rouhani laut Reuters auf seiner offiziellen Website. „Es stand zur Debatte, welche Sanktionen aufgehoben werden sollen, und sie (die Vereinigten Staaten) hatten klar gesagt, dass sie alle Sanktionen aufheben werden.“",0.9735735989599952,,TRUE,FALSE,
"Trump later said he responded ""of course, NO!"" to Iran who he said wanted him to lift the sanctions in order to meet.","Trump sagte später, er habe „natürlich NEIN!“ auf den Iran geantwortet, von dem er sagte, er wolle, dass er die Sanktionen aufhebe, um sich zu treffen.","Trump sagte später, dass er gegenüber dem Iran mit „natürlich NEIN!“ geantwortet habe, der, wie er sagte, die Aufhebung der Sanktionen gefordert habe, um ein Treffen zu ermöglichen.",0.8152717316383952,,TRUE,FALSE,
"The State Department called the report ""baseless,"" adding the U.S. is committed to zero oil exports from the Iranian regime, Bloomberg News said.","Das Außenministerium nannte den Bericht „grundlos“ und fügte hinzu, die USA bekennen sich zu null Ölexporten des iranischen Regimes, sagte Bloomberg News.","Das Außenministerium bezeichnete den Bericht als „haltlos“ und fügte hinzu, dass die USA sich zu keinerlei Ölexporten des iranischen Regimes verpflichtet haben, sagte Bloomberg News.",0.8029263125658911,,TRUE,FALSE,
"Rouhani's comment came after a series of drones attacked oil facilities in Saudi Arabia on Sept. 14, which had forced the kingdom to cut production in half. The U.S. and some European countries, as well as Saudi Arabia, have blamed the attack on Iran. Tehran has denied any role in the incident. The Trump administration also announced plans to deploy U.S. forces to the region.","Rohanis Kommentar kam, nachdem eine Reihe von Drohnen Ölanlagen in Saudi-Arabien am 14. September angegriffen hatte, was das Königreich gezwungen hatte, die Produktion zu halbieren. Die USA und einige europäische Länder sowie Saudi-Arabien <v>haben den Angriff auf den Iran verantwortlich gemacht. </v>Teheran hat jede Rolle in dem Vorfall bestritten. Die Trump-Regierung kündigte auch Pläne an, US-Streitkräfte in die Region zu entsenden.","Rouhanis Kommentar kam, nachdem eine Reihe von Drohnen am 14. September Ölanlagen in Saudi-Arabien angegriffen hatte, woraufhin das Königreich gezwungen war, die Produktion um die Hälfte zu reduzieren. Die USA und ein paar europäische Länder sowie Saudi-Arabien haben den Angriff auf den Iran geschoben. Teheran hat jegliche Beteiligung an dem Vorfall abgestritten. Die Trump-Regierung kündigte auch Pläne zur Entsendung von US-amerikanischen Streitkräften in die Region an.",0.7147294331608408,,TRUE,FALSE,
The State Department didn't immediately respond to CNBC's request for comment.,Das Außenministerium reagierte nicht sofort auf die Bitte von CNBC um Stellungnahme.,Das Außenministerium reagierte nicht sofort auf eine Anfrage von CNBC nach einer Stellungnahme.,1.0,,TRUE,FALSE,
"""There's been a big bearish risk from a thaw in the US Iran situation for some time and this will put a remarkable amount of oil back onto the market immediately if it were to occur,"" said John Kilduff of Again Capital.","„Es besteht seit einiger Zeit ein <v>großes bärisches Risiko</v> durch ein <v>Tauwetter</v> in der US-Iran-Situation, und dies wird eine bemerkenswerte Menge Öl sofort wieder auf den Markt bringen, wenn es eintreten sollte“, sagte John Kilduff von Again Capital.","„Es gibt seit einiger Zeit ein großes Rezessionsrisiko durch das Tauwetter in der US-Iran-Situation, und dies wird eine bemerkenswerte Menge an Öl auf den Markt schwemmen, falls es dazu kommen sollte“, sagte John Kilduff von Again Capital.",0.2894984114933036,,TRUE,FALSE,
"""It's not just Iranian production and exports. Its' millions of barrels in floating storage and millions of barrels sitting in China's ports waiting to be processed by customs,"" Kilduff said.","„Es ist nicht nur iranische Produktion und Exporte. Seine Millionen von Fässern in schwimmenden Lagern und Millionen von Fässern sitzen in Chinas Häfen und warten darauf, vom Zoll verarbeitet zu werden“, sagte Kilduff.","„Es geht nicht nur um die iranische Produktion und den iranischen Export. Es liegen Millionen von Fässern in schwimmenden Lagern und Millionen von Fässern in Chinas Häfen, die auf die Zollabfertigung warten“, sagte Kilduff.",0.7429376808864336,,TRUE,FALSE,
"""It is great to be able to get back on the podium and to hear the national anthem, it feels amazing,"" smiled Phelps while his eyes welled up with tears.","""Být znovu na stupních vítězů a slyšet hymnu je sladké jako vždycky,"" smál se Phelps a přitom měl znovu oči plné slz.","„Je skvělé, že se k němu dostanu zpátky na pódiu a slyším národní hymnu, je to úžasné,“ usmál se Phelps, zatímco jeho oči vířily slzami.","""Je skvělé umět se vrátit na pódium a slyšet národní hymnu, je to cítit úžasné"", usmál se Phelps, zatímco jeho oči se svářily slzami.",,TRUE,FALSE,
"""My first response was 'I didn't think people did that anymore,'"" Picciuto explained.","„Moje první reakce byla, že jsem si myslela, že tohle už dneska lidé nedělají“, vysvětluje Picciutová.","""Moje první reakce byla"" Nemyslel jsem si, že to už lidé dělají, ""vysvětlil Picciuto.","„První odpověď byla ', že už jsem si to nemysleli,“ vysvětloval Picciuto.",,TRUE,FALSE,
"During that time, brand strategists have used 'RBS' to protect other consumer finance brands.",V té době strategové značky používali „RBS“ s cílem chránit ostatní značky spotřebitelských financí.,Během tohoto času používají značka značek na ochranu ostatních spotřebitelských finančních prostředků.,"Během té doby značka stratégové využili ', RBS na ochranu ostatních značek spotřebitelů.",,TRUE,FALSE,
"It was backed with millions of pounds in sponsorship of international sport, from Six Nations rugby to Wimbledon champion Andy Murray.","Stály za ní miliony liber vydaných na sponzoring mezinárodního sportu, od ragbyového šampionátu Six Nations po šampióna Winbledomu Andyho Marraye.","Byla podpořena miliony liber ve sponzoringu mezinárodního sportu, od Six Nations rugby až po Wimbledon šampiona Andyho Murrayho.","Bylo to couváno se milióny liber v mezinárodním sportu ze šesti národů, od Rugby do Wimbledonu, vítězem Wimbledonu Andyho Murrayho.",,TRUE,FALSE,
"But now, it has been judged right to let more national brands come to the fore.","Nyní ale bylo rozhodnuto, že je lepší dát více vyniknout spíš národním značkám.",Nyní ale bylo posouzeno právo pustit do popředí více národních značek.,"Ale teď je soudná věc, aby se další národní brance dostaly do předku.",,TRUE,FALSE,
"Royal Bank of Scotland will be used with Scottish customers, but will not be initialised.","Royal Bank of Scotland se bude používat u skotských zákazníků, ale nebude spouštět nové obchody.","Skotská královská banka bude použita skotskými zákazníky, ale nebude inicializována.","Royal Bank of Scotland se bude používat se skotskými zákazníky, ale nebude iniciována.",,TRUE,FALSE,
"The brand RBS is to be reduced to a back office role, according to the bank's chief executive.",Podle výkonného ředitele banky má být značka RBS potlačena do role back office.,Značka RBS by měla být podle výkonného ředitele banky omezena na funkci back office.,"Značka RBS je, aby se snížila role v zadní funkci, podle výkonného ředitele banky.",,TRUE,FALSE,
Royal Bank of Scotland will disappear for customers outside Scotland.,Royal Bank of Scotland se ztratí pro zákazníky mimo Skotska.,Royal Bank of Scotland zmizí pro zákazníky mimo Skotsko.,Skotská banka skotská bude pro zákazníky mimo Skotsko.,,TRUE,FALSE,
Ross McEwan told BBC Scotland that the RBS brand was associated with the bank's global ambitions.,"Ross McEwan řekl stanici BBC Scotland, že značka RBS byla spojena s globálními ambicemi banky.","Ross McEwan řekl BBC ve Skotsku, že značka RBS byla spojena s globálními ambicemi banky.","Ross McEwan řekl BBC Skotsku, že značka RBS byla spojena s celosvětovými ambicemi.",,TRUE,FALSE,
It has retreated from them since it nearly collapsed eight years ago and had to be bailed out.,"Z nich polevila, když před osmi lety téměř zanikla a musela být vykoupena z dluhu.","Odstoupilo od nich, protože se před osmi lety téměř zhroutilo a muselo být zachráněno.","Od chvíle, kdy se před osmi lety málem zřítil, se to odreagovalo a museli se vykoupat.",,TRUE,FALSE,
Its oceans evaporated and its water vapor was burned away by ultraviolet light.,Její oceány se odpařily a vodní páry byly ultrafialovým světlem spáleny.,Jeho oceány se odpařovaly a její vodní pára byla vypálena ultrafialovým světlem.,Oceány se vypařily a vodní pára se rozhořela ultrafialovým světlem.,,TRUE,FALSE,
"In England and Wales, all RBS references, outside head office and the stock exchange listing, will be changed to NatWest.","Všechny reference na RBS v Anglii a Walesu, s výjimkou centrály a kódování akcií na burze, budou změněny na NatWest.","V Anglii a ve Walesu, všechny odkazy RBS, mimo kancelář a burzovní výpis, se změní na Natwej.","V Anglii a Walesu, všechny reference o hranicích RBS, mimo kancelář a burza na burze, se změní na NatWest.",,TRUE,FALSE,
The Ulster Bank brand is already used for customers in the Republic of Ireland and Northern Ireland.,Pro zákazníky v Irské republice a v Severním Irsku se již používá značka Ulster Bank.,Značka Ulster Bank se již používá pro zákazníky v Irské republice a Severním Irsku.,Banka Ulster bank už se používá pro zákazníky v irské republice a severním Irsku.,,TRUE,FALSE,
She said to me once that she never loved me.,"Ona mi ale kdysi řekla, že mě nikdy nemilovala.","Jednou mi řekla, že mě nikdy nemilovala.","Jednou mi řekla, že mě nikdy nemiluje. - a co když mě nemiluješ.",,TRUE,FALSE,
"And now, finally, an Olympic champion.",A nyní konečně olympijskou šampionkou.,A teď konečně olympijský šampión.,"A teď, konečně olympijský šampión.",,TRUE,FALSE,
"This single-minded pursuit is noble, admirable, even fanatic - and it is enough to bring even a spectator to tears.","Toto jednomyslné snažení je noblesní, obdivuhodné, trochu fanatické - a dostatečné k tomu, aby diváky přivedlo k slzám.","Toto jedno-smýšlející pronásledování je ušlechtilý, obdivuhodný, a to i fanatik-a to je dost přinést i diváka k slzám.","Tato cílevědomá snaha je vznešená, obdivuhodná, ba přímo fanatická - a stačí ten divák i diváka k slzám.",,TRUE,FALSE,
But it is also what I find slightly exhausting about even watching the Games.,"Ale je to podle mě zároveň poněkud vyčerpávající, když olympiádu sledujete.","Ale je to také to, co mi trochu vyčerpává, že i při sledování her.","Ale také to, co jsem našel, je trochu vyčerpávající, že jsem sledoval hry.",,TRUE,FALSE,
"Medal hopefuls must go farther, faster, up and over, in their quest for gold, sometimes to the finish, other times back and forth up and down the court.","Bojovníci o zlaté medaile musí jít dál, rychleji a ještě výš, někdy až do konce, jindy tam a zpět, nahoru a dolů.","Kandidáti na medaile musí jít dál, rychleji a více, při jejich cestě za zlatem, někdy až do konce, jindy sem a tam, sem a tam po hřišti.","Medailí se musí vydat dál, rychleji, nahoru a dolů, v jejich výpravě za zlatem, někdy až k cíli, jindy zase nahoru a dolů nahoru a dolů k soudu.",,TRUE,FALSE,
"They are chasing not only the finish line or the starting wall but also, in the televised coverage, another taunting line: that of the world, or Olympic, record.","Snaží se dohonit nejen cílovou pásku nebo startovní zeď, ale jak uvádí televizní zpravodajství, také jinou pomyslnou linii: světový nebo olympijský rekord.","Projíždějí nejen cílovou čáru nebo počáteční stěnu, ale také v televizním pokrytí další lákavou linii: světovou nebo olympijskou nahrávku.","Honí nejen cílovou čáru, ani startovní stěnu, ale také v televizním zpravodajství, další tauningový kanál: že na světě, nebo na olympijské, rekordy.",,TRUE,FALSE,
The most common Olympic vector is straight ahead.,Obvyklá trajektorie olympijské dráha je vpřed.,Nejběžnější olympijský vektor je přímý.,Nejběžnější transportér Olympic je přímo před námi.,,TRUE,FALSE,
Call the authir by its local name SERIKI YAKUB,,,en-US,,FALSE,FALSE,
